-- MySQL dump 10.13  Distrib 8.0.23, for Win64 (x86_64)
--
-- Host: localhost    Database: vk
-- ------------------------------------------------------
-- Server version	8.0.23

/*!40101 SET @OLD_CHARACTER_SET_CLIENT=@@CHARACTER_SET_CLIENT */;
/*!40101 SET @OLD_CHARACTER_SET_RESULTS=@@CHARACTER_SET_RESULTS */;
/*!40101 SET @OLD_COLLATION_CONNECTION=@@COLLATION_CONNECTION */;
/*!50503 SET NAMES utf8mb4 */;
/*!40103 SET @OLD_TIME_ZONE=@@TIME_ZONE */;
/*!40103 SET TIME_ZONE='+00:00' */;
/*!40014 SET @OLD_UNIQUE_CHECKS=@@UNIQUE_CHECKS, UNIQUE_CHECKS=0 */;
/*!40014 SET @OLD_FOREIGN_KEY_CHECKS=@@FOREIGN_KEY_CHECKS, FOREIGN_KEY_CHECKS=0 */;
/*!40101 SET @OLD_SQL_MODE=@@SQL_MODE, SQL_MODE='NO_AUTO_VALUE_ON_ZERO' */;
/*!40111 SET @OLD_SQL_NOTES=@@SQL_NOTES, SQL_NOTES=0 */;

--
-- Table structure for table `communities`
--

DROP TABLE IF EXISTS `communities`;
/*!40101 SET @saved_cs_client     = @@character_set_client */;
/*!50503 SET character_set_client = utf8mb4 */;
CREATE TABLE `communities` (
  `id` int unsigned NOT NULL AUTO_INCREMENT COMMENT '╨Ш╨┤╨╡╨╜╤В╨╕╤Д╨╕╨║╨░╤В╨╛╤А ╤Б╤А╨╛╨║╨╕',
  `name` varchar(150) CHARACTER SET utf8mb4 COLLATE utf8mb4_unicode_ci NOT NULL COMMENT '╨Э╨░╨╖╨▓╨░╨╜╨╕╨╡ ╨│╤А╤Г╨┐╨┐╤Л',
  `created_at` datetime DEFAULT CURRENT_TIMESTAMP COMMENT '╨Т╤А╨╡╨╝╤П ╤Б╨╛╨╖╨┤╨░╨╜╨╕╤П ╤Б╤В╤А╨╛╨║╨╕',
  `updated_at` datetime DEFAULT CURRENT_TIMESTAMP ON UPDATE CURRENT_TIMESTAMP COMMENT '╨Т╤А╨╡╨╝╤П ╨╛╨▒╨╜╨╛╨▓╨╗╨╡╨╜╨╕╤П ╤Б╤В╤А╨╛╨║╨╕',
  PRIMARY KEY (`id`),
  UNIQUE KEY `name` (`name`)
) ENGINE=InnoDB AUTO_INCREMENT=11 DEFAULT CHARSET=utf8mb4 COLLATE=utf8mb4_unicode_ci COMMENT='╨У╤А╤Г╨┐╨┐╤Л';
/*!40101 SET character_set_client = @saved_cs_client */;

--
-- Dumping data for table `communities`
--

LOCK TABLES `communities` WRITE;
/*!40000 ALTER TABLE `communities` DISABLE KEYS */;
INSERT INTO `communities` VALUES (1,'Temporibus aliquid vero quisquam molestias ab cumque. Et earum qui id enim similique et. Et eos saepe ut iste rerum velit. Repudiandae aut libero non ','2013-10-19 06:44:41','2014-08-16 17:33:06'),(2,'Aut et repellendus molestiae omnis. Eum eum corrupti porro molestiae. Autem voluptatem doloribus quia.','2021-03-26 05:53:02','2021-04-30 10:55:37'),(3,'Ipsam nesciunt molestias sed et rem. Ut autem provident voluptatibus nulla. Voluptas ut sit sit rerum. Recusandae saepe in ut et.','2015-12-19 03:30:18','2021-04-30 10:55:37'),(4,'Quis voluptatum necessitatibus quae dolor. Ex mollitia nesciunt qui consequuntur aut ea repellendus. Cum ullam est est quia molestias voluptas.','2017-09-22 21:20:30','2020-06-05 17:07:30'),(5,'Ut magnam distinctio beatae autem qui occaecati. Consequatur sed veritatis aliquid neque voluptatibus odit et quibusdam. Nostrum fugiat est iure enim.','2018-06-29 21:00:00','2021-04-30 10:55:37'),(6,'Non cupiditate molestiae aut commodi mollitia aut quam. Quos unde omnis et culpa quia. Ut dolor dolores iure.','2020-11-15 15:19:52','2021-04-30 10:55:37'),(7,'Saepe dolores id qui sed nisi. Dolores reiciendis quisquam itaque earum id. Error vero nam quisquam voluptas repellendus assumenda placeat. Quibusdam ','2016-06-22 07:45:41','2021-04-30 10:55:37'),(8,'Enim aut nostrum dolore laboriosam eos velit sit. Et impedit aut dolorem eveniet distinctio vel temporibus non. Voluptatibus qui repellat sint officia','2015-10-03 17:35:22','2021-04-30 10:55:37'),(9,'Suscipit voluptatem minus quo autem harum voluptatum in voluptates. Ea velit rerum quae nulla quae ea eos. Magni deleniti hic debitis nesciunt et dese','2012-11-18 18:19:36','2016-01-17 10:17:26'),(10,'Voluptatem quisquam sed vel sint perferendis enim. Sit aut est ex temporibus voluptas deserunt excepturi. Amet qui expedita autem ut. Eos repudiandae ','2016-09-04 02:52:31','2019-10-06 11:59:02');
/*!40000 ALTER TABLE `communities` ENABLE KEYS */;
UNLOCK TABLES;

--
-- Table structure for table `communities_users`
--

DROP TABLE IF EXISTS `communities_users`;
/*!40101 SET @saved_cs_client     = @@character_set_client */;
/*!50503 SET character_set_client = utf8mb4 */;
CREATE TABLE `communities_users` (
  `community_id` int unsigned NOT NULL COMMENT '╨б╤Б╤Л╨╗╨║╨░ ╨╜╨░ ╨│╤А╤Г╨┐╨┐╤Г',
  `user_id` int unsigned NOT NULL COMMENT '╨б╤Б╤Л╨╗╨║╨░ ╨╜╨░ ╨┐╨╛╨╗╤М╨╖╨╛╨▓╨░╤В╨╡╨╗╤П',
  `created_at` datetime DEFAULT CURRENT_TIMESTAMP COMMENT '╨Т╤А╨╡╨╝╤П ╤Б╨╛╨╖╨┤╨░╨╜╨╕╤П ╤Б╤В╤А╨╛╨║╨╕',
  PRIMARY KEY (`community_id`,`user_id`) COMMENT '╨б╨╛╤Б╤В╨░╨▓╨╜╨╛╨╣ ╨┐╨╡╤А╨▓╨╕╤З╨╜╤Л╨╣ ╨║╨╗╤О╤З',
  KEY `communities_user_id_fk` (`user_id`),
  CONSTRAINT `communities_community_id_fk` FOREIGN KEY (`community_id`) REFERENCES `communities` (`id`) ON DELETE CASCADE,
  CONSTRAINT `communities_user_id_fk` FOREIGN KEY (`user_id`) REFERENCES `users` (`id`) ON DELETE CASCADE
) ENGINE=InnoDB DEFAULT CHARSET=utf8mb4 COLLATE=utf8mb4_unicode_ci COMMENT='╨г╤З╨░╤Б╤В╨╜╨╕╨║╨╕ ╨│╤А╤Г╨┐╨┐, ╤Б╨▓╤П╨╖╤М ╨╝╨╡╨╢╨┤╤Г ╨┐╨╛╨╗╤М╨╖╨╛╨▓╨░╤В╨╡╨╗╤П╨╝╨╕ ╨╕ ╨│╤А╤Г╨┐╨┐╨░╨╝╨╕';
/*!40101 SET character_set_client = @saved_cs_client */;

--
-- Dumping data for table `communities_users`
--

LOCK TABLES `communities_users` WRITE;
/*!40000 ALTER TABLE `communities_users` DISABLE KEYS */;
INSERT INTO `communities_users` VALUES (1,1,'2017-01-25 06:56:12'),(1,11,'2013-07-24 14:50:47'),(1,21,'2014-05-24 13:40:48'),(1,31,'2020-01-05 10:13:18'),(1,41,'2014-01-17 11:33:10'),(1,51,'2015-03-01 12:20:33'),(1,61,'2014-04-25 18:32:05'),(1,71,'2013-12-01 12:52:29'),(1,81,'2018-08-30 15:38:29'),(1,91,'2013-10-30 00:06:51'),(2,2,'2016-12-10 00:32:59'),(2,12,'2014-01-16 13:39:53'),(2,22,'2016-07-16 03:14:09'),(2,32,'2019-04-14 19:24:32'),(2,42,'2015-07-05 17:26:39'),(2,52,'2018-12-11 02:43:35'),(2,62,'2011-07-31 06:07:24'),(2,72,'2019-03-14 02:06:47'),(2,82,'2015-09-11 12:37:35'),(2,92,'2013-08-03 22:01:24'),(3,3,'2018-11-11 06:11:32'),(3,13,'2019-12-25 16:58:11'),(3,23,'2020-02-03 15:59:08'),(3,33,'2017-06-20 21:01:32'),(3,43,'2021-04-07 14:17:14'),(3,53,'2016-05-20 20:37:17'),(3,63,'2020-08-31 12:31:07'),(3,73,'2013-07-03 12:49:05'),(3,83,'2011-08-14 09:10:25'),(3,93,'2020-04-11 01:02:32'),(4,4,'2016-03-04 23:45:29'),(4,14,'2012-11-10 20:53:10'),(4,24,'2016-11-16 13:43:36'),(4,34,'2012-03-24 02:59:56'),(4,44,'2020-07-20 01:15:42'),(4,54,'2015-10-05 17:07:00'),(4,64,'2020-07-31 16:14:31'),(4,74,'2017-10-14 14:58:45'),(4,84,'2015-06-09 14:54:12'),(4,94,'2018-09-26 11:29:38'),(5,5,'2018-07-18 08:12:39'),(5,15,'2016-12-14 06:44:19'),(5,25,'2012-05-10 05:15:06'),(5,35,'2013-11-16 12:35:44'),(5,45,'2013-06-07 19:04:56'),(5,55,'2018-11-05 19:05:39'),(5,65,'2014-06-27 00:29:10'),(5,75,'2012-05-31 21:44:25'),(5,85,'2012-12-20 06:58:49'),(5,95,'2017-06-24 23:18:16'),(6,6,'2012-10-17 18:52:32'),(6,16,'2019-12-24 04:19:34'),(6,26,'2016-02-05 03:16:11'),(6,36,'2013-08-24 13:04:29'),(6,46,'2015-12-12 18:17:55'),(6,56,'2011-09-28 11:23:57'),(6,66,'2014-10-22 01:31:00'),(6,76,'2017-05-09 22:40:51'),(6,86,'2019-07-14 16:04:40'),(6,96,'2013-12-11 13:55:41'),(7,7,'2019-02-05 16:25:03'),(7,17,'2021-02-18 04:09:11'),(7,27,'2014-03-16 17:01:43'),(7,37,'2019-03-26 23:05:49'),(7,47,'2020-02-21 16:57:46'),(7,57,'2019-06-30 03:13:08'),(7,67,'2013-07-11 22:07:57'),(7,77,'2017-07-12 08:07:13'),(7,87,'2011-09-25 12:26:14'),(7,97,'2011-11-18 06:26:44'),(8,8,'2018-12-25 10:44:24'),(8,18,'2021-01-22 02:24:23'),(8,28,'2014-05-09 19:05:48'),(8,38,'2018-05-04 16:20:06'),(8,48,'2019-04-09 13:54:23'),(8,58,'2018-06-17 10:11:56'),(8,68,'2020-11-16 20:31:07'),(8,78,'2020-01-29 07:04:56'),(8,88,'2019-09-06 05:42:46'),(8,98,'2014-08-04 08:38:45'),(9,9,'2015-04-01 21:26:28'),(9,19,'2019-08-26 06:09:20'),(9,29,'2014-01-30 11:36:52'),(9,39,'2013-08-13 10:58:09'),(9,49,'2015-09-11 18:02:27'),(9,59,'2012-09-13 08:22:37'),(9,69,'2020-10-14 09:21:28'),(9,79,'2020-03-08 16:25:15'),(9,89,'2017-01-12 22:29:07'),(9,99,'2020-07-09 07:26:00'),(10,10,'2013-01-11 17:25:02'),(10,20,'2019-09-18 06:52:15'),(10,30,'2015-05-29 21:36:32'),(10,40,'2013-05-29 09:45:32'),(10,50,'2016-12-15 16:40:12'),(10,60,'2013-02-27 03:05:30'),(10,70,'2011-04-25 05:36:11'),(10,80,'2015-07-03 16:22:35'),(10,90,'2019-09-04 03:21:07'),(10,100,'2015-11-08 01:06:32');
/*!40000 ALTER TABLE `communities_users` ENABLE KEYS */;
UNLOCK TABLES;

--
-- Table structure for table `friendship`
--

DROP TABLE IF EXISTS `friendship`;
/*!40101 SET @saved_cs_client     = @@character_set_client */;
/*!50503 SET character_set_client = utf8mb4 */;
CREATE TABLE `friendship` (
  `user_id` int unsigned NOT NULL COMMENT '╨б╤Б╤Л╨╗╨║╨░ ╨╜╨░ ╨╕╨╜╨╕╤Ж╨╕╨░╤В╨╛╤А╨░ ╨┤╤А╤Г╨╢╨╡╤Б╨║╨╕╤Е ╨╛╤В╨╜╨╛╤И╨╡╨╜╨╕╨╣',
  `friend_id` int unsigned NOT NULL COMMENT '╨б╤Б╤Л╨╗╨║╨░ ╨╜╨░ ╨┐╨╛╨╗╤Г╤З╨░╤В╨╡╨╗╤П ╨┐╤А╨╕╨│╨╗╨░╤И╨╡╨╜╨╕╤П ╨┤╤А╤Г╨╢╨╕╤В╤М',
  `friendship_status_id` int unsigned NOT NULL COMMENT '╨б╤Б╤Л╨╗╨║╨░ ╨╜╨░ ╤Б╤В╨░╤В╤Г╤Б (╤В╨╡╨║╤Г╤Й╨╡╨╡ ╤Б╨╛╤Б╤В╨╛╤П╨╜╨╕╨╡) ╨╛╤В╨╜╨╛╤И╨╡╨╜╨╕╨╣',
  `confirmed_at` datetime DEFAULT NULL COMMENT '╨Т╤А╨╡╨╝╤П ╨┐╨╛╨┤╤В╨▓╨╡╤А╨╢╨┤╨╡╨╜╨╕╤П ╨┐╤А╨╕╨│╨╗╨░╤И╨╡╨╜╨╕╤П',
  `created_at` datetime DEFAULT CURRENT_TIMESTAMP COMMENT '╨Т╤А╨╡╨╝╤П ╤Б╨╛╨╖╨┤╨░╨╜╨╕╤П ╤Б╤В╤А╨╛╨║╨╕',
  `updated_at` datetime DEFAULT CURRENT_TIMESTAMP ON UPDATE CURRENT_TIMESTAMP COMMENT '╨Т╤А╨╡╨╝╤П ╨╛╨▒╨╜╨╛╨▓╨╗╨╡╨╜╨╕╤П ╤Б╤В╤А╨╛╨║╨╕',
  PRIMARY KEY (`user_id`,`friend_id`) COMMENT '╨б╨╛╤Б╤В╨░╨▓╨╜╨╛╨╣ ╨┐╨╡╤А╨▓╨╕╤З╨╜╤Л╨╣ ╨║╨╗╤О╤З',
  KEY `friendship_friend_id_fk` (`friend_id`),
  KEY `friendship_friendship_status_id_fk` (`friendship_status_id`),
  CONSTRAINT `friendship_friend_id_fk` FOREIGN KEY (`friend_id`) REFERENCES `users` (`id`) ON DELETE CASCADE,
  CONSTRAINT `friendship_friendship_status_id_fk` FOREIGN KEY (`friendship_status_id`) REFERENCES `friendship_statuses` (`id`) ON DELETE CASCADE,
  CONSTRAINT `friendship_user_id_fk` FOREIGN KEY (`user_id`) REFERENCES `users` (`id`) ON DELETE CASCADE
) ENGINE=InnoDB DEFAULT CHARSET=utf8mb4 COLLATE=utf8mb4_unicode_ci COMMENT='╨в╨░╨▒╨╗╨╕╤Ж╨░ ╨┤╤А╤Г╨╢╨▒╤Л';
/*!40101 SET character_set_client = @saved_cs_client */;

--
-- Dumping data for table `friendship`
--

LOCK TABLES `friendship` WRITE;
/*!40000 ALTER TABLE `friendship` DISABLE KEYS */;
INSERT INTO `friendship` VALUES (2,28,2,'2017-02-07 20:12:58','2017-02-07 20:12:58','2021-04-29 21:43:53'),(3,22,1,'2016-09-25 22:55:01','2016-09-25 22:55:01','2021-04-29 21:45:56'),(3,23,3,'2020-08-04 10:00:15','2014-11-09 00:25:57','2021-04-29 21:41:16'),(3,48,3,'2017-03-24 20:06:24','2013-09-09 03:56:19','2021-04-29 21:41:16'),(4,52,3,'2017-03-14 22:58:09','2017-03-14 22:58:09','2021-04-29 21:45:56'),(4,70,2,'2015-07-07 19:40:16','2011-10-04 11:36:50','2021-04-29 21:41:16'),(5,79,3,'2017-12-02 08:10:44','2017-12-02 08:10:44','2021-04-29 21:45:56'),(5,80,2,'2019-10-03 05:24:12','2019-10-03 05:24:12','2021-04-29 21:45:56'),(6,2,3,'2017-09-01 09:35:02','2014-08-24 22:34:48','2021-04-29 21:41:16'),(7,95,2,'2016-05-24 15:36:38','2016-05-24 15:36:38','2021-04-29 21:45:56'),(11,1,2,'2020-04-08 19:48:48','2020-04-08 19:48:48','2021-04-29 21:45:56'),(12,17,2,'2019-09-03 19:45:37','2019-09-03 19:45:37','2021-04-29 21:45:56'),(12,46,3,'2015-12-13 01:57:16','2015-12-13 01:57:16','2021-04-29 21:45:56'),(14,46,3,'2018-11-17 04:25:52','2013-02-15 13:46:06','2021-04-29 21:41:16'),(14,79,2,'2015-09-21 16:16:24','2015-02-11 23:06:58','2021-04-29 21:41:16'),(16,81,1,'2016-12-31 04:02:34','2015-11-26 09:40:44','2021-04-29 21:41:16'),(16,86,2,'2021-04-11 03:50:05','2015-12-29 00:06:44','2021-04-29 21:41:16'),(17,21,3,'2018-05-27 15:31:45','2018-05-27 15:31:45','2021-04-29 21:45:56'),(17,34,3,'2014-11-26 06:25:31','2014-11-26 06:25:31','2021-04-29 21:45:56'),(18,60,1,'2014-09-16 05:24:23','2014-09-16 05:24:23','2021-04-29 21:45:56'),(20,18,3,'2014-08-04 03:51:33','2014-01-13 01:02:42','2021-04-29 21:41:16'),(21,24,1,'2020-01-05 11:42:21','2020-01-05 11:42:21','2021-04-29 21:45:56'),(22,38,3,'2013-10-30 07:44:20','2011-06-05 12:29:27','2021-04-29 21:41:16'),(22,65,1,'2019-09-08 02:22:19','2011-07-04 17:54:00','2021-04-29 21:41:16'),(22,98,1,'2019-05-15 16:46:37','2017-04-28 16:10:06','2021-04-29 21:41:16'),(23,18,2,'2017-05-06 04:33:41','2017-05-06 04:33:41','2021-04-29 21:45:56'),(23,25,1,'2013-11-30 08:50:05','2013-07-25 17:02:54','2021-04-29 21:41:16'),(23,48,3,'2016-12-24 11:01:05','2012-08-03 00:19:16','2021-04-29 21:41:16'),(23,79,2,'2021-01-21 06:45:53','2021-01-21 06:45:53','2021-04-29 21:45:56'),(24,64,2,'2016-09-16 12:14:17','2016-09-16 12:14:17','2021-04-29 21:45:56'),(24,97,1,'2021-03-08 12:50:45','2021-03-08 12:50:45','2021-04-29 21:45:56'),(27,97,2,'2020-11-08 15:29:37','2020-11-08 15:29:37','2021-04-29 21:45:56'),(28,61,2,'2020-12-22 18:51:07','2020-12-22 18:51:07','2021-04-29 21:45:56'),(28,88,3,'2021-04-11 17:05:00','2021-04-11 17:05:00','2021-04-29 21:45:56'),(31,11,3,'2016-03-30 00:13:23','2015-09-05 03:41:11','2021-04-29 21:41:16'),(31,72,2,'2017-08-30 20:30:00','2014-08-05 23:30:23','2021-04-29 21:41:16'),(33,43,1,'2017-09-07 23:37:28','2016-05-28 21:09:45','2021-04-29 21:41:16'),(33,45,1,'2015-07-17 01:07:39','2012-03-04 22:51:46','2021-04-29 21:41:16'),(33,79,3,'2021-01-03 18:24:25','2013-09-17 18:43:28','2021-04-29 21:41:16'),(36,4,3,'2020-06-24 03:11:08','2020-02-13 15:39:59','2021-04-29 21:41:16'),(37,75,1,'2018-05-15 23:45:35','2018-05-15 23:45:35','2021-04-29 21:45:56'),(38,85,1,'2015-02-22 03:22:53','2012-08-03 15:30:53','2021-04-29 21:41:16'),(43,2,1,'2020-05-08 13:47:30','2020-05-08 13:47:30','2021-04-29 21:45:56'),(46,49,1,'2016-02-11 09:10:29','2014-03-02 23:32:57','2021-04-29 21:41:16'),(47,44,3,'2015-03-08 16:00:00','2015-03-08 16:00:00','2021-04-29 21:45:56'),(49,46,2,'2017-01-06 06:58:53','2017-01-06 06:58:53','2021-04-29 21:45:56'),(49,87,1,'2021-01-20 20:57:15','2021-01-20 20:57:15','2021-04-29 21:45:56'),(49,94,3,'2015-09-05 03:32:59','2015-09-05 03:32:59','2021-04-29 21:45:56'),(50,15,3,'2015-12-19 20:13:45','2012-12-16 22:26:52','2021-04-29 21:41:16'),(50,66,2,'2016-12-20 11:04:35','2015-02-24 15:46:43','2021-04-29 21:41:16'),(53,3,3,'2021-02-28 01:00:45','2021-02-28 01:00:45','2021-04-29 21:45:56'),(54,26,3,'2015-02-07 09:29:45','2015-02-07 09:29:45','2021-04-29 21:45:56'),(54,97,2,'2020-10-11 11:52:44','2018-12-07 20:46:48','2021-04-29 21:41:16'),(56,5,3,'2016-11-04 15:18:11','2016-11-04 15:18:11','2021-04-29 21:45:56'),(56,15,1,'2020-08-21 19:09:44','2020-08-21 19:09:44','2021-04-29 21:45:56'),(57,60,1,'2020-05-14 23:28:27','2015-01-05 07:08:40','2021-04-29 21:41:16'),(57,68,2,'2014-03-30 12:11:35','2014-03-30 12:11:35','2021-04-29 21:45:56'),(57,72,3,'2021-04-01 20:49:10','2021-04-01 20:49:10','2021-04-29 21:45:56'),(61,8,2,'2018-01-03 10:01:13','2018-01-03 10:01:13','2021-04-29 21:45:56'),(62,78,3,'2019-04-30 18:13:35','2016-10-22 10:09:26','2021-04-29 21:41:16'),(62,90,3,'2017-06-29 20:28:09','2017-06-29 20:28:09','2021-04-29 21:45:56'),(64,39,3,'2021-03-08 19:46:14','2021-03-08 19:46:14','2021-04-29 21:45:56'),(64,92,3,'2017-07-03 03:56:04','2017-05-16 12:30:22','2021-04-29 21:41:16'),(65,56,1,'2017-11-06 05:43:21','2017-11-06 05:43:21','2021-04-29 21:45:56'),(66,24,1,'2019-07-08 12:03:05','2019-07-08 12:03:05','2021-04-29 21:45:56'),(66,60,1,'2013-12-11 01:59:45','2011-10-10 11:01:06','2021-04-29 21:41:16'),(67,17,1,'2018-10-27 12:48:25','2018-10-27 12:48:25','2021-04-29 21:45:56'),(67,26,2,'2015-10-15 20:32:34','2015-10-15 20:32:34','2021-04-29 21:45:56'),(67,61,2,'2021-03-24 20:04:26','2015-07-16 03:55:08','2021-04-29 21:41:16'),(69,64,1,'2016-04-12 18:38:46','2012-02-14 05:02:35','2021-04-29 21:41:16'),(69,70,2,'2012-10-19 03:56:36','2012-10-19 03:56:36','2021-04-29 21:45:56'),(70,7,3,'2019-06-12 13:56:47','2019-06-12 13:56:47','2021-04-29 21:45:56'),(70,43,2,'2014-08-06 08:01:28','2012-08-10 22:50:20','2021-04-29 21:41:16'),(72,56,2,'2016-09-01 10:32:09','2016-09-01 10:32:09','2021-04-29 21:45:56'),(74,58,1,'2015-02-18 17:11:53','2013-09-18 12:34:51','2021-04-29 21:41:16'),(76,48,3,'2013-10-03 06:12:06','2011-10-22 15:22:07','2021-04-29 21:41:16'),(77,23,3,'2016-02-03 10:18:17','2014-02-04 03:53:09','2021-04-29 21:41:16'),(77,73,3,'2017-10-14 10:24:22','2012-10-15 10:00:00','2021-04-29 21:41:16'),(80,1,2,'2018-10-01 05:24:16','2018-10-01 05:24:16','2021-04-29 21:45:56'),(80,61,1,'2019-08-25 01:09:31','2014-05-30 04:15:15','2021-04-29 21:41:16'),(81,4,2,'2013-02-03 04:31:16','2011-09-20 06:27:47','2021-04-29 21:41:16'),(82,3,1,'2020-03-11 15:28:33','2020-03-11 15:28:33','2021-04-29 21:45:56'),(82,50,3,'2014-02-06 06:07:19','2011-05-21 23:08:33','2021-04-29 21:41:16'),(85,54,2,'2020-08-28 10:49:30','2016-09-01 02:42:10','2021-04-29 21:41:16'),(85,56,3,'2019-11-09 03:20:24','2019-06-06 09:45:46','2021-04-29 21:41:16'),(85,74,1,'2018-03-30 02:37:00','2018-03-30 02:37:00','2021-04-29 21:45:56'),(85,87,1,'2019-02-03 10:29:05','2016-12-30 07:34:41','2021-04-29 21:41:16'),(86,59,3,'2013-05-16 10:46:50','2013-05-16 10:46:50','2021-04-29 21:45:56'),(86,68,1,'2017-11-22 11:58:08','2017-11-22 11:58:08','2021-04-29 21:45:56'),(87,91,3,'2020-02-03 10:36:55','2020-02-03 10:36:55','2021-04-29 21:45:56'),(89,6,3,'2018-07-28 14:21:47','2018-07-28 14:21:47','2021-04-29 21:45:56'),(89,40,1,'2014-07-17 01:39:51','2012-11-03 14:28:28','2021-04-29 21:41:16'),(90,33,1,'2014-12-11 10:16:47','2014-12-11 10:16:47','2021-04-29 21:45:56'),(93,65,1,'2019-03-05 13:19:34','2019-03-05 13:19:34','2021-04-29 21:45:56'),(94,97,1,'2017-08-13 03:45:10','2017-08-13 03:45:10','2021-04-29 21:45:56'),(95,37,3,'2017-10-19 09:17:42','2017-10-19 09:17:42','2021-04-29 21:45:56'),(98,81,1,'2020-04-07 04:58:56','2020-04-07 04:58:56','2021-04-29 21:45:56'),(99,57,2,'2019-08-11 06:06:35','2019-08-11 06:06:35','2021-04-29 21:45:56'),(100,68,1,'2019-12-21 23:42:59','2018-01-31 18:03:31','2021-04-29 21:41:16'),(100,83,2,'2017-09-21 12:56:23','2015-09-23 11:00:19','2021-04-29 21:41:16');
/*!40000 ALTER TABLE `friendship` ENABLE KEYS */;
UNLOCK TABLES;

--
-- Table structure for table `friendship_statuses`
--

DROP TABLE IF EXISTS `friendship_statuses`;
/*!40101 SET @saved_cs_client     = @@character_set_client */;
/*!50503 SET character_set_client = utf8mb4 */;
CREATE TABLE `friendship_statuses` (
  `id` int unsigned NOT NULL AUTO_INCREMENT COMMENT '╨Ш╨┤╨╡╨╜╤В╨╕╤Д╨╕╨║╨░╤В╨╛╤А ╤Б╤В╤А╨╛╨║╨╕',
  `name` varchar(150) CHARACTER SET utf8mb4 COLLATE utf8mb4_unicode_ci NOT NULL COMMENT '╨Э╨░╨╖╨▓╨░╨╜╨╕╨╡ ╤Б╤В╨░╤В╤Г╤Б╨░',
  `created_at` datetime DEFAULT CURRENT_TIMESTAMP COMMENT '╨Т╤А╨╡╨╝╤П ╤Б╨╛╨╖╨┤╨░╨╜╨╕╤П ╤Б╤В╤А╨╛╨║╨╕',
  `updated_at` datetime DEFAULT CURRENT_TIMESTAMP ON UPDATE CURRENT_TIMESTAMP COMMENT '╨Т╤А╨╡╨╝╤П ╨╛╨▒╨╜╨╛╨▓╨╗╨╡╨╜╨╕╤П ╤Б╤В╤А╨╛╨║╨╕',
  PRIMARY KEY (`id`),
  UNIQUE KEY `name` (`name`)
) ENGINE=InnoDB AUTO_INCREMENT=4 DEFAULT CHARSET=utf8mb4 COLLATE=utf8mb4_unicode_ci COMMENT='╨б╤В╨░╤В╤Г╤Б╤Л ╨┤╤А╤Г╨╢╨▒╤Л';
/*!40101 SET character_set_client = @saved_cs_client */;

--
-- Dumping data for table `friendship_statuses`
--

LOCK TABLES `friendship_statuses` WRITE;
/*!40000 ALTER TABLE `friendship_statuses` DISABLE KEYS */;
INSERT INTO `friendship_statuses` VALUES (1,'Requested','2021-04-29 21:29:48','2021-04-29 21:29:48'),(2,'Confirmed','2021-04-29 21:29:48','2021-04-29 21:29:48'),(3,'Rejected','2021-04-29 21:29:48','2021-04-29 21:29:48');
/*!40000 ALTER TABLE `friendship_statuses` ENABLE KEYS */;
UNLOCK TABLES;

--
-- Table structure for table `likes`
--

DROP TABLE IF EXISTS `likes`;
/*!40101 SET @saved_cs_client     = @@character_set_client */;
/*!50503 SET character_set_client = utf8mb4 */;
CREATE TABLE `likes` (
  `id` int unsigned NOT NULL AUTO_INCREMENT,
  `user_id` int unsigned NOT NULL,
  `target_id` int unsigned NOT NULL,
  `target_type` enum('messages','users','posts','media') NOT NULL,
  `created_at` datetime DEFAULT CURRENT_TIMESTAMP,
  PRIMARY KEY (`id`),
  KEY `likes_user_id_fk` (`user_id`),
  CONSTRAINT `likes_user_id_fk` FOREIGN KEY (`user_id`) REFERENCES `users` (`id`) ON DELETE CASCADE
) ENGINE=InnoDB AUTO_INCREMENT=101 DEFAULT CHARSET=utf8mb4 COLLATE=utf8mb4_0900_ai_ci;
/*!40101 SET character_set_client = @saved_cs_client */;

--
-- Dumping data for table `likes`
--

LOCK TABLES `likes` WRITE;
/*!40000 ALTER TABLE `likes` DISABLE KEYS */;
INSERT INTO `likes` VALUES (1,52,16,'posts','2021-05-07 11:46:36'),(2,92,4,'messages','2021-05-07 11:46:36'),(3,39,83,'posts','2021-05-07 11:46:36'),(4,71,33,'media','2021-05-07 11:46:36'),(5,30,96,'posts','2021-05-07 11:46:36'),(6,8,22,'posts','2021-05-07 11:46:36'),(7,56,49,'posts','2021-05-07 11:46:36'),(8,35,89,'messages','2021-05-07 11:46:36'),(9,32,88,'posts','2021-05-07 11:46:36'),(10,31,10,'messages','2021-05-07 11:46:36'),(11,21,45,'posts','2021-05-07 11:46:36'),(12,55,76,'users','2021-05-07 11:46:36'),(13,15,35,'users','2021-05-07 11:46:36'),(14,1,84,'media','2021-05-07 11:46:36'),(15,30,79,'media','2021-05-07 11:46:36'),(16,96,35,'users','2021-05-07 11:46:36'),(17,81,73,'media','2021-05-07 11:46:36'),(18,97,39,'media','2021-05-07 11:46:36'),(19,33,45,'posts','2021-05-07 11:46:36'),(20,67,57,'messages','2021-05-07 11:46:36'),(21,95,79,'media','2021-05-07 11:46:36'),(22,97,11,'posts','2021-05-07 11:46:36'),(23,80,73,'users','2021-05-07 11:46:36'),(24,49,14,'media','2021-05-07 11:46:36'),(25,40,81,'posts','2021-05-07 11:46:36'),(26,89,33,'users','2021-05-07 11:46:36'),(27,82,97,'messages','2021-05-07 11:46:36'),(28,86,7,'posts','2021-05-07 11:46:36'),(29,21,43,'messages','2021-05-07 11:46:36'),(30,56,86,'users','2021-05-07 11:46:36'),(31,59,80,'media','2021-05-07 11:46:36'),(32,55,5,'users','2021-05-07 11:46:36'),(33,47,98,'posts','2021-05-07 11:46:36'),(34,81,33,'users','2021-05-07 11:46:36'),(35,17,78,'users','2021-05-07 11:46:36'),(36,66,58,'posts','2021-05-07 11:46:36'),(37,6,26,'users','2021-05-07 11:46:36'),(38,20,23,'messages','2021-05-07 11:46:36'),(39,40,86,'media','2021-05-07 11:46:36'),(40,83,64,'posts','2021-05-07 11:46:36'),(41,41,73,'posts','2021-05-07 11:46:36'),(42,6,12,'users','2021-05-07 11:46:36'),(43,49,41,'posts','2021-05-07 11:46:36'),(44,25,32,'messages','2021-05-07 11:46:36'),(45,36,69,'media','2021-05-07 11:46:36'),(46,78,20,'users','2021-05-07 11:46:36'),(47,67,75,'posts','2021-05-07 11:46:36'),(48,63,87,'users','2021-05-07 11:46:36'),(49,92,82,'users','2021-05-07 11:46:36'),(50,52,12,'media','2021-05-07 11:46:36'),(51,26,1,'media','2021-05-07 11:46:36'),(52,23,94,'messages','2021-05-07 11:46:36'),(53,63,61,'messages','2021-05-07 11:46:36'),(54,6,11,'media','2021-05-07 11:46:36'),(55,59,4,'messages','2021-05-07 11:46:36'),(56,10,26,'messages','2021-05-07 11:46:36'),(57,15,8,'posts','2021-05-07 11:46:36'),(58,7,16,'users','2021-05-07 11:46:36'),(59,7,71,'posts','2021-05-07 11:46:36'),(60,51,88,'messages','2021-05-07 11:46:36'),(61,78,82,'messages','2021-05-07 11:46:36'),(62,22,24,'posts','2021-05-07 11:46:36'),(63,38,15,'posts','2021-05-07 11:46:36'),(64,66,15,'messages','2021-05-07 11:46:36'),(65,60,4,'media','2021-05-07 11:46:36'),(66,73,10,'posts','2021-05-07 11:46:36'),(67,66,3,'media','2021-05-07 11:46:36'),(68,11,73,'media','2021-05-07 11:46:36'),(69,69,36,'users','2021-05-07 11:46:36'),(70,29,16,'posts','2021-05-07 11:46:36'),(71,78,55,'users','2021-05-07 11:46:36'),(72,76,30,'users','2021-05-07 11:46:36'),(73,30,38,'users','2021-05-07 11:46:36'),(74,22,93,'messages','2021-05-07 11:46:36'),(75,50,41,'messages','2021-05-07 11:46:36'),(76,65,92,'posts','2021-05-07 11:46:36'),(77,84,7,'posts','2021-05-07 11:46:36'),(78,91,49,'users','2021-05-07 11:46:36'),(79,6,8,'media','2021-05-07 11:46:36'),(80,75,21,'messages','2021-05-07 11:46:36'),(81,67,56,'users','2021-05-07 11:46:36'),(82,71,47,'posts','2021-05-07 11:46:36'),(83,8,77,'posts','2021-05-07 11:46:36'),(84,44,63,'messages','2021-05-07 11:46:36'),(85,17,64,'posts','2021-05-07 11:46:36'),(86,71,37,'users','2021-05-07 11:46:36'),(87,93,30,'users','2021-05-07 11:46:36'),(88,4,82,'posts','2021-05-07 11:46:36'),(89,44,14,'media','2021-05-07 11:46:36'),(90,34,11,'users','2021-05-07 11:46:36'),(91,70,5,'media','2021-05-07 11:46:36'),(92,48,35,'users','2021-05-07 11:46:36'),(93,40,71,'posts','2021-05-07 11:46:36'),(94,58,66,'posts','2021-05-07 11:46:36'),(95,75,37,'posts','2021-05-07 11:46:36'),(96,61,61,'media','2021-05-07 11:46:36'),(97,14,81,'users','2021-05-07 11:46:36'),(98,78,6,'posts','2021-05-07 11:46:36'),(99,88,92,'messages','2021-05-07 11:46:36'),(100,93,75,'users','2021-05-07 11:46:36');
/*!40000 ALTER TABLE `likes` ENABLE KEYS */;
UNLOCK TABLES;

--
-- Table structure for table `media`
--

DROP TABLE IF EXISTS `media`;
/*!40101 SET @saved_cs_client     = @@character_set_client */;
/*!50503 SET character_set_client = utf8mb4 */;
CREATE TABLE `media` (
  `id` int unsigned NOT NULL AUTO_INCREMENT COMMENT '╨Ш╨┤╨╡╨╜╤В╨╕╤Д╨╕╨║╨░╤В╨╛╤А ╤Б╤В╤А╨╛╨║╨╕',
  `user_id` int unsigned NOT NULL COMMENT '╨б╤Б╤Л╨╗╨║╨░ ╨╜╨░ ╨┐╨╛╨╗╤М╨╖╨╛╨▓╨░╤В╨╡╨╗╤П, ╨║╨╛╤В╨╛╤А╤Л╨╣ ╨╖╨░╨│╤А╤Г╨╖╨╕╨╗ ╤Д╨░╨╣╨╗',
  `filename` varchar(255) CHARACTER SET utf8mb4 COLLATE utf8mb4_unicode_ci NOT NULL COMMENT '╨Я╤Г╤В╤М ╨║ ╤Д╨░╨╣╨╗╤Г',
  `size` int NOT NULL COMMENT '╨а╨░╨╖╨╝╨╡╤А ╤Д╨░╨╣╨╗╨░',
  `metadata` json DEFAULT NULL,
  `media_type_id` int unsigned NOT NULL COMMENT '╨б╤Б╤Л╨╗╨║╨░ ╨╜╨░ ╤В╨╕╨┐ ╨║╨╛╨╜╤В╨╡╨╜╤В╨░',
  `created_at` datetime DEFAULT CURRENT_TIMESTAMP COMMENT '╨Т╤А╨╡╨╝╤П ╤Б╨╛╨╖╨┤╨░╨╜╨╕╤П ╤Б╤В╤А╨╛╨║╨╕',
  `updated_at` datetime DEFAULT CURRENT_TIMESTAMP ON UPDATE CURRENT_TIMESTAMP COMMENT '╨Т╤А╨╡╨╝╤П ╨╛╨▒╨╜╨╛╨▓╨╗╨╡╨╜╨╕╤П ╤Б╤В╤А╨╛╨║╨╕',
  PRIMARY KEY (`id`),
  KEY `media_user_id_fk` (`user_id`),
  KEY `media_media_type_id_fk` (`media_type_id`),
  CONSTRAINT `media_media_type_id_fk` FOREIGN KEY (`media_type_id`) REFERENCES `media_types` (`id`) ON DELETE CASCADE,
  CONSTRAINT `media_user_id_fk` FOREIGN KEY (`user_id`) REFERENCES `users` (`id`) ON DELETE CASCADE,
  CONSTRAINT `media_chk_1` CHECK (json_valid(`metadata`))
) ENGINE=InnoDB AUTO_INCREMENT=101 DEFAULT CHARSET=utf8mb4 COLLATE=utf8mb4_unicode_ci COMMENT='╨Ь╨╡╨┤╨╕╨░╤Д╨░╨╣╨╗╤Л';
/*!40101 SET character_set_client = @saved_cs_client */;

--
-- Dumping data for table `media`
--

LOCK TABLES `media` WRITE;
/*!40000 ALTER TABLE `media` DISABLE KEYS */;
INSERT INTO `media` VALUES (1,3,'http://dropbox.net/vk/Audio.zip',916862,'{\"owner\": \"Tamia Hauck\"}',2,'2019-06-02 04:16:27','2021-04-30 17:52:41'),(2,83,'http://dropbox.net/vk/Image.mp4',903061,'{\"owner\": \"Josefa Kassulke\"}',2,'2019-12-10 19:41:20','2021-04-30 17:52:41'),(3,3,'http://dropbox.net/vk/Video.zip',754722,'{\"owner\": \"Tamia Hauck\"}',3,'2012-09-07 20:47:19','2021-04-30 17:52:41'),(4,69,'http://dropbox.net/vk/Audio.zip',54424,'{\"owner\": \"Burnice Hills\"}',3,'2020-02-06 12:40:26','2021-04-30 17:52:41'),(5,33,'http://dropbox.net/vk/Ivi.avi',339906764,'{\"owner\": \"Kraig Kuhic\"}',3,'2013-07-17 09:13:51','2021-04-30 17:52:41'),(6,57,'http://dropbox.net/vk/Image.zip',997957,'{\"owner\": \"Ophelia Streich\"}',2,'2016-08-17 14:54:14','2021-04-30 17:52:41'),(7,85,'http://dropbox.net/vk/Video.png',49182,'{\"owner\": \"Ludwig Jakubowski\"}',3,'2016-02-11 08:45:40','2021-04-30 17:52:41'),(8,56,'http://dropbox.net/vk/Audio.avi',816512,'{\"owner\": \"Ezra Miller\"}',2,'2016-12-28 04:06:15','2021-04-30 17:52:41'),(9,21,'http://dropbox.net/vk/Games.avi',78690,'{\"owner\": \"Paige Mante\"}',2,'2019-01-16 12:04:11','2021-04-30 17:52:41'),(10,40,'http://dropbox.net/vk/Video.zip',625150854,'{\"owner\": \"Kayli Mills\"}',2,'2015-05-19 14:41:10','2021-04-30 17:52:41'),(11,37,'http://dropbox.net/vk/Video.mp4',933916,'{\"owner\": \"Colleen Koss\"}',3,'2019-05-25 19:03:58','2021-04-30 17:52:41'),(12,61,'http://dropbox.net/vk/Ivi.zip',423509,'{\"owner\": \"Dayton Kihn\"}',1,'2012-03-25 01:28:02','2021-04-30 17:52:41'),(13,96,'http://dropbox.net/vk/Ivi.png',305798,'{\"owner\": \"Nya Harber\"}',1,'2019-11-01 07:56:49','2021-04-30 17:52:41'),(14,95,'http://dropbox.net/vk/Video.png',248465,'{\"owner\": \"Sabryna Lind\"}',1,'2015-07-08 22:42:33','2021-04-30 17:52:41'),(15,88,'http://dropbox.net/vk/Ivi.avi',163189,'{\"owner\": \"Jarrett McDermott\"}',1,'2011-05-29 12:47:11','2021-04-30 17:52:41'),(16,52,'http://dropbox.net/vk/Image.zip',314930,'{\"owner\": \"Sherman Stoltenberg\"}',2,'2016-01-29 17:38:51','2021-04-30 17:52:41'),(17,99,'http://dropbox.net/vk/Games.mp4',819256,'{\"owner\": \"Marquis Thompson\"}',2,'2020-03-21 09:56:25','2021-04-30 17:52:41'),(18,36,'http://dropbox.net/vk/Video.avi',79512,'{\"owner\": \"Devon Armstrong\"}',3,'2020-06-07 20:38:55','2021-04-30 17:52:41'),(19,84,'http://dropbox.net/vk/Video.mp4',24596,'{\"owner\": \"Terence Farrell\"}',1,'2021-01-17 06:43:18','2021-04-30 17:52:41'),(20,10,'http://dropbox.net/vk/Audio.zip',141490,'{\"owner\": \"Alvis Greenholt\"}',2,'2018-01-24 14:20:57','2021-04-30 17:52:41'),(21,98,'http://dropbox.net/vk/Video.zip',1515,'{\"owner\": \"Aubrey Upton\"}',3,'2014-09-23 22:53:35','2021-04-30 17:52:41'),(22,57,'http://dropbox.net/vk/Image.mp4',239681,'{\"owner\": \"Ophelia Streich\"}',1,'2014-07-15 09:58:35','2021-04-30 17:52:41'),(23,94,'http://dropbox.net/vk/Games.avi',763939,'{\"owner\": \"Kolby Huels\"}',2,'2012-07-16 07:00:59','2021-04-30 17:52:41'),(24,99,'http://dropbox.net/vk/Games.avi',90649,'{\"owner\": \"Marquis Thompson\"}',3,'2015-10-07 09:38:16','2021-04-30 17:52:41'),(25,9,'http://dropbox.net/vk/Audio.png',52756,'{\"owner\": \"Cordia Kassulke\"}',3,'2020-12-04 13:31:33','2021-04-30 17:52:32'),(26,50,'http://dropbox.net/vk/Video.png',9716,'{\"owner\": \"Jadyn Hessel\"}',3,'2013-05-01 14:09:05','2021-04-30 17:52:41'),(27,23,'http://dropbox.net/vk/Video.zip',60425481,'{\"owner\": \"Josefa Schmidt\"}',3,'2016-12-18 15:28:33','2021-04-30 17:52:41'),(28,65,'http://dropbox.net/vk/Audio.zip',564723778,'{\"owner\": \"Roxanne Douglas\"}',1,'2019-01-19 05:45:28','2021-04-30 17:52:41'),(29,56,'http://dropbox.net/vk/Video.mp4',151432,'{\"owner\": \"Ezra Miller\"}',3,'2017-01-02 02:31:17','2021-04-30 17:52:41'),(30,84,'http://dropbox.net/vk/Ivi.png',64530,'{\"owner\": \"Terence Farrell\"}',1,'2020-12-30 09:34:32','2021-04-30 17:52:41'),(31,52,'http://dropbox.net/vk/Games.png',751526127,'{\"owner\": \"Sherman Stoltenberg\"}',3,'2013-04-11 03:08:03','2021-04-30 17:52:41'),(32,9,'http://dropbox.net/vk/Audio.mp4',67935514,'{\"owner\": \"Cordia Kassulke\"}',3,'2014-03-24 11:05:10','2021-04-30 17:52:41'),(33,87,'http://dropbox.net/vk/Audio.png',5297,'{\"owner\": \"Cathrine Langosh\"}',1,'2019-10-24 10:44:53','2021-04-30 17:52:41'),(34,5,'http://dropbox.net/vk/Ivi.mp4',475211,'{\"owner\": \"Geraldine Reinger\"}',1,'2018-03-13 02:22:37','2021-04-30 17:52:41'),(35,67,'http://dropbox.net/vk/Audio.zip',3696523,'{\"owner\": \"Loyal Bashirian\"}',2,'2013-07-20 16:36:18','2021-04-30 17:52:41'),(36,18,'http://dropbox.net/vk/Games.zip',110712727,'{\"owner\": \"Marta Aufderhar\"}',2,'2014-12-30 18:59:52','2021-04-30 17:52:41'),(37,89,'http://dropbox.net/vk/Audio.png',911762,'{\"owner\": \"Charlene Ryan\"}',3,'2017-09-06 23:17:20','2021-04-30 17:52:41'),(38,89,'http://dropbox.net/vk/Video.mp4',123176,'{\"owner\": \"Charlene Ryan\"}',3,'2019-06-05 23:32:45','2021-04-30 17:52:41'),(39,80,'http://dropbox.net/vk/Audio.png',870594,'{\"owner\": \"Juliana Ruecker\"}',2,'2011-11-14 04:20:20','2021-04-30 17:52:41'),(40,30,'http://dropbox.net/vk/Ivi.zip',973443,'{\"owner\": \"Ericka Braun\"}',1,'2020-05-20 16:09:57','2021-04-30 17:52:41'),(41,11,'http://dropbox.net/vk/Image.zip',1192,'{\"owner\": \"Nathaniel Schuppe\"}',2,'2013-09-13 04:59:40','2021-04-30 17:52:32'),(42,63,'http://dropbox.net/vk/Ivi.zip',8691455,'{\"owner\": \"Jenifer Douglas\"}',3,'2019-09-05 15:37:42','2021-04-30 17:52:41'),(43,83,'http://dropbox.net/vk/Games.zip',55165,'{\"owner\": \"Josefa Kassulke\"}',3,'2013-07-01 04:21:45','2021-04-30 17:52:41'),(44,26,'http://dropbox.net/vk/Games.zip',65546516,'{\"owner\": \"Clifton Wunsch\"}',1,'2018-10-07 02:18:11','2021-04-30 17:52:41'),(45,78,'http://dropbox.net/vk/Audio.mp4',39750,'{\"owner\": \"Cedrick Cassin\"}',1,'2015-12-14 09:50:40','2021-04-30 17:52:41'),(46,12,'http://dropbox.net/vk/Audio.zip',245434,'{\"owner\": \"Kiara Hickle\"}',3,'2015-08-10 23:02:54','2021-04-30 17:52:41'),(47,24,'http://dropbox.net/vk/Ivi.zip',296843,'{\"owner\": \"Sabina Satterfield\"}',1,'2013-07-07 01:43:12','2021-04-30 17:52:41'),(48,86,'http://dropbox.net/vk/Games.png',80226599,'{\"owner\": \"Lily Quigley\"}',2,'2011-12-19 16:08:05','2021-04-30 17:52:41'),(49,57,'http://dropbox.net/vk/Image.png',737912,'{\"owner\": \"Ophelia Streich\"}',2,'2019-03-22 21:28:11','2021-04-30 17:52:41'),(50,27,'http://dropbox.net/vk/Games.zip',789034,'{\"owner\": \"Eryn Stokes\"}',3,'2011-09-03 14:20:35','2021-04-30 17:52:32'),(51,61,'http://dropbox.net/vk/Video.zip',3448,'{\"owner\": \"Dayton Kihn\"}',3,'2012-11-03 12:54:58','2021-04-30 17:52:41'),(52,26,'http://dropbox.net/vk/Audio.avi',61312,'{\"owner\": \"Clifton Wunsch\"}',1,'2013-12-31 01:46:43','2021-04-30 17:52:41'),(53,46,'http://dropbox.net/vk/Image.zip',864616804,'{\"owner\": \"Oral Paucek\"}',2,'2018-01-11 06:45:20','2021-04-30 17:52:41'),(54,51,'http://dropbox.net/vk/Video.avi',9660002,'{\"owner\": \"Pete Donnelly\"}',1,'2014-08-17 07:23:12','2021-04-30 17:52:41'),(55,18,'http://dropbox.net/vk/Video.avi',326619674,'{\"owner\": \"Marta Aufderhar\"}',2,'2020-05-08 10:42:21','2021-04-30 17:52:41'),(56,37,'http://dropbox.net/vk/Ivi.zip',9351,'{\"owner\": \"Colleen Koss\"}',3,'2012-03-30 07:29:09','2021-04-30 17:52:41'),(57,28,'http://dropbox.net/vk/Audio.mp4',721431,'{\"owner\": \"Verdie Bednar\"}',2,'2020-07-30 00:39:24','2021-04-30 17:52:41'),(58,31,'http://dropbox.net/vk/Image.avi',156444112,'{\"owner\": \"Uriel Leffler\"}',1,'2021-01-14 21:40:30','2021-04-30 17:52:41'),(59,70,'http://dropbox.net/vk/Image.mp4',317736,'{\"owner\": \"Leilani Lynch\"}',3,'2014-07-22 01:23:56','2021-04-30 17:52:41'),(60,54,'http://dropbox.net/vk/Image.zip',230055,'{\"owner\": \"Maria Boyle\"}',3,'2013-06-28 18:26:18','2021-04-30 17:52:41'),(61,62,'http://dropbox.net/vk/Ivi.png',975984,'{\"owner\": \"Gilberto O\'Reilly\"}',2,'2021-02-07 19:13:56','2021-04-30 17:52:41'),(62,45,'http://dropbox.net/vk/Audio.png',18746,'{\"owner\": \"Cassidy Roberts\"}',2,'2017-02-14 21:26:35','2021-04-30 17:52:41'),(63,39,'http://dropbox.net/vk/Ivi.avi',179755,'{\"owner\": \"Delia Quitzon\"}',1,'2013-04-05 19:04:15','2021-04-30 17:52:41'),(64,59,'http://dropbox.net/vk/Ivi.mp4',960823,'{\"owner\": \"Kayden Gibson\"}',2,'2012-07-21 08:34:28','2021-04-30 17:52:41'),(65,80,'http://dropbox.net/vk/Ivi.png',34770210,'{\"owner\": \"Juliana Ruecker\"}',3,'2019-08-18 01:34:23','2021-04-30 17:52:41'),(66,20,'http://dropbox.net/vk/Video.mp4',254851,'{\"owner\": \"Lewis Rosenbaum\"}',3,'2011-10-24 08:53:02','2021-04-30 17:52:41'),(67,59,'http://dropbox.net/vk/Video.png',72490926,'{\"owner\": \"Kayden Gibson\"}',1,'2015-07-30 05:05:03','2021-04-30 17:52:41'),(68,33,'http://dropbox.net/vk/Video.avi',5163624,'{\"owner\": \"Kraig Kuhic\"}',3,'2011-08-28 14:39:00','2021-04-30 17:52:41'),(69,91,'http://dropbox.net/vk/Ivi.avi',381787,'{\"owner\": \"Deondre Pollich\"}',2,'2020-05-07 00:46:22','2021-04-30 17:52:41'),(70,53,'http://dropbox.net/vk/Image.avi',39079,'{\"owner\": \"Cristopher Bogisich\"}',3,'2020-02-22 12:12:44','2021-04-30 17:52:41'),(71,91,'http://dropbox.net/vk/Games.mp4',134381,'{\"owner\": \"Deondre Pollich\"}',3,'2020-07-09 13:31:27','2021-04-30 17:52:41'),(72,97,'http://dropbox.net/vk/Video.mp4',516546,'{\"owner\": \"Lyda Adams\"}',3,'2011-08-17 23:16:20','2021-04-30 17:52:41'),(73,9,'http://dropbox.net/vk/Image.png',169589,'{\"owner\": \"Cordia Kassulke\"}',3,'2013-01-08 03:36:38','2021-04-30 17:52:41'),(74,57,'http://dropbox.net/vk/Audio.mp4',288306,'{\"owner\": \"Ophelia Streich\"}',3,'2017-12-27 14:18:15','2021-04-30 17:52:41'),(75,54,'http://dropbox.net/vk/Video.png',8591,'{\"owner\": \"Maria Boyle\"}',2,'2015-12-31 20:45:04','2021-04-30 17:52:41'),(76,1,'http://dropbox.net/vk/Image.avi',922762,'{\"owner\": \"Emerson Toy\"}',2,'2015-12-11 02:15:47','2021-04-30 17:52:41'),(77,40,'http://dropbox.net/vk/Image.png',738895,'{\"owner\": \"Kayli Mills\"}',3,'2016-12-29 04:59:38','2021-04-30 17:52:41'),(78,100,'http://dropbox.net/vk/Video.avi',916187,'{\"owner\": \"David Carter\"}',1,'2015-01-10 06:34:43','2021-04-30 17:52:41'),(79,77,'http://dropbox.net/vk/Ivi.zip',32668648,'{\"owner\": \"Ara Considine\"}',3,'2013-04-30 15:44:24','2021-04-30 17:52:41'),(80,84,'http://dropbox.net/vk/Ivi.png',890309175,'{\"owner\": \"Terence Farrell\"}',3,'2017-02-15 04:20:51','2021-04-30 17:52:41'),(81,90,'http://dropbox.net/vk/Games.zip',354251,'{\"owner\": \"Rowan Treutel\"}',1,'2011-04-25 22:26:17','2021-04-30 17:52:41'),(82,97,'http://dropbox.net/vk/Ivi.avi',12696,'{\"owner\": \"Lyda Adams\"}',2,'2013-06-17 17:11:04','2021-04-30 17:52:41'),(83,16,'http://dropbox.net/vk/Games.zip',990728,'{\"owner\": \"Garett Thiel\"}',2,'2014-01-17 12:28:58','2021-04-30 17:52:41'),(84,89,'http://dropbox.net/vk/Games.png',9218,'{\"owner\": \"Charlene Ryan\"}',3,'2017-08-14 08:08:06','2021-04-30 17:52:41'),(85,96,'http://dropbox.net/vk/Audio.png',905551,'{\"owner\": \"Nya Harber\"}',1,'2012-11-28 09:33:57','2021-04-30 17:52:41'),(86,11,'http://dropbox.net/vk/Ivi.zip',545573,'{\"owner\": \"Nathaniel Schuppe\"}',1,'2019-05-31 05:37:29','2021-04-30 17:52:41'),(87,67,'http://dropbox.net/vk/Video.mp4',89893,'{\"owner\": \"Loyal Bashirian\"}',2,'2019-04-09 07:44:32','2021-04-30 17:52:41'),(88,2,'http://dropbox.net/vk/Ivi.png',3761230,'{\"owner\": \"Timmothy Russel\"}',3,'2012-07-28 14:40:31','2021-04-30 17:52:41'),(89,9,'http://dropbox.net/vk/Audio.mp4',8027727,'{\"owner\": \"Cordia Kassulke\"}',2,'2018-07-26 08:06:01','2021-04-30 17:52:41'),(90,37,'http://dropbox.net/vk/Audio.mp4',1001210,'{\"owner\": \"Colleen Koss\"}',3,'2014-12-13 07:19:06','2021-04-30 17:52:41'),(91,59,'http://dropbox.net/vk/Ivi.mp4',359334,'{\"owner\": \"Kayden Gibson\"}',2,'2019-11-12 17:32:51','2021-04-30 17:52:41'),(92,82,'http://dropbox.net/vk/Ivi.mp4',6568,'{\"owner\": \"Kaelyn Witting\"}',3,'2014-03-03 09:33:28','2021-04-30 17:52:41'),(93,35,'http://dropbox.net/vk/Video.zip',783038,'{\"owner\": \"Amya Rice\"}',1,'2017-04-25 21:47:22','2021-04-30 17:52:41'),(94,26,'http://dropbox.net/vk/Ivi.zip',827191,'{\"owner\": \"Clifton Wunsch\"}',2,'2016-08-12 14:34:21','2021-04-30 17:52:41'),(95,25,'http://dropbox.net/vk/Audio.mp4',352089741,'{\"owner\": \"Estevan Sporer\"}',3,'2013-06-08 02:18:24','2021-04-30 17:52:41'),(96,45,'http://dropbox.net/vk/Ivi.mp4',91671422,'{\"owner\": \"Cassidy Roberts\"}',3,'2011-12-03 16:46:06','2021-04-30 17:52:41'),(97,51,'http://dropbox.net/vk/Audio.png',582678446,'{\"owner\": \"Pete Donnelly\"}',1,'2015-03-25 06:48:19','2021-04-30 17:52:41'),(98,20,'http://dropbox.net/vk/Image.png',4189950,'{\"owner\": \"Lewis Rosenbaum\"}',3,'2012-09-10 03:47:00','2021-04-30 17:52:41'),(99,48,'http://dropbox.net/vk/Ivi.png',776842,'{\"owner\": \"Lea Gutkowski\"}',3,'2020-12-11 18:15:26','2021-04-30 17:52:41'),(100,78,'http://dropbox.net/vk/Games.avi',74149202,'{\"owner\": \"Cedrick Cassin\"}',1,'2020-05-02 00:05:14','2021-04-30 17:52:41');
/*!40000 ALTER TABLE `media` ENABLE KEYS */;
UNLOCK TABLES;

--
-- Table structure for table `media_types`
--

DROP TABLE IF EXISTS `media_types`;
/*!40101 SET @saved_cs_client     = @@character_set_client */;
/*!50503 SET character_set_client = utf8mb4 */;
CREATE TABLE `media_types` (
  `id` int unsigned NOT NULL AUTO_INCREMENT COMMENT '╨Ш╨┤╨╡╨╜╤В╨╕╤Д╨╕╨║╨░╤В╨╛╤А ╤Б╤В╤А╨╛╨║╨╕',
  `name` varchar(255) CHARACTER SET utf8mb4 COLLATE utf8mb4_unicode_ci NOT NULL COMMENT '╨Э╨░╨╖╨▓╨░╨╜╨╕╨╡ ╤В╨╕╨┐╨░',
  `created_at` datetime DEFAULT CURRENT_TIMESTAMP COMMENT '╨Т╤А╨╡╨╝╤П ╤Б╨╛╨╖╨┤╨░╨╜╨╕╤П ╤Б╤В╤А╨╛╨║╨╕',
  `updated_at` datetime DEFAULT CURRENT_TIMESTAMP ON UPDATE CURRENT_TIMESTAMP COMMENT '╨Т╤А╨╡╨╝╤П ╨╛╨▒╨╜╨╛╨▓╨╗╨╡╨╜╨╕╤П ╤Б╤В╤А╨╛╨║╨╕',
  PRIMARY KEY (`id`),
  UNIQUE KEY `name` (`name`)
) ENGINE=InnoDB AUTO_INCREMENT=4 DEFAULT CHARSET=utf8mb4 COLLATE=utf8mb4_unicode_ci COMMENT='╨в╨╕╨┐╤Л ╨╝╨╡╨┤╨╕╨░╤Д╨░╨╣╨╗╨╛╨▓';
/*!40101 SET character_set_client = @saved_cs_client */;

--
-- Dumping data for table `media_types`
--

LOCK TABLES `media_types` WRITE;
/*!40000 ALTER TABLE `media_types` DISABLE KEYS */;
INSERT INTO `media_types` VALUES (1,'image','2021-04-29 21:20:15','2021-04-29 21:20:15'),(2,'video','2021-04-29 21:20:15','2021-04-29 21:20:15'),(3,'audio','2021-04-29 21:20:15','2021-04-29 21:20:15');
/*!40000 ALTER TABLE `media_types` ENABLE KEYS */;
UNLOCK TABLES;

--
-- Table structure for table `messages`
--

DROP TABLE IF EXISTS `messages`;
/*!40101 SET @saved_cs_client     = @@character_set_client */;
/*!50503 SET character_set_client = utf8mb4 */;
CREATE TABLE `messages` (
  `id` int unsigned NOT NULL AUTO_INCREMENT COMMENT '╨Ш╨┤╨╡╨╜╤В╨╕╤Д╨╕╨║╨░╤В╨╛╤А ╤Б╤В╤А╨╛╨║╨╕',
  `from_user_id` int unsigned NOT NULL COMMENT '╨б╤Б╤Л╨╗╨║╨░ ╨╜╨░ ╨╛╤В╨┐╤А╨░╨▓╨╕╤В╨╡╨╗╤П ╤Б╨╛╨╛╨▒╤Й╨╡╨╜╨╕╤П',
  `to_user_id` int unsigned NOT NULL COMMENT '╨б╤Б╤Л╨╗╨║╨░ ╨╜╨░ ╨┐╨╛╨╗╤Г╤З╨░╤В╨╡╨╗╤П ╤Б╨╛╨╛╨▒╤Й╨╡╨╜╨╕╤П',
  `body` text CHARACTER SET utf8mb4 COLLATE utf8mb4_unicode_ci NOT NULL COMMENT '╨в╨╡╨║╤Б╤В ╤Б╨╛╨╛╨▒╤Й╨╡╨╜╨╕╤П',
  `is_important` tinyint(1) DEFAULT NULL COMMENT '╨Я╤А╨╕╨╖╨╜╨░╨║ ╨▓╨░╨╢╨╜╨╛╤Б╤В╨╕',
  `is_delivered` tinyint(1) DEFAULT NULL COMMENT '╨Я╤А╨╕╨╖╨╜╨░╨║ ╨┤╨╛╤Б╤В╨░╨▓╨║╨╕',
  `created_at` datetime DEFAULT CURRENT_TIMESTAMP COMMENT '╨Т╤А╨╡╨╝╤П ╤Б╨╛╨╖╨┤╨░╨╜╨╕╤П ╤Б╤В╤А╨╛╨║╨╕',
  PRIMARY KEY (`id`),
  KEY `messages_from_user_id_fk` (`from_user_id`),
  KEY `messages_to_user_id_fk` (`to_user_id`),
  CONSTRAINT `messages_from_user_id_fk` FOREIGN KEY (`from_user_id`) REFERENCES `users` (`id`),
  CONSTRAINT `messages_to_user_id_fk` FOREIGN KEY (`to_user_id`) REFERENCES `users` (`id`)
) ENGINE=InnoDB AUTO_INCREMENT=101 DEFAULT CHARSET=utf8mb4 COLLATE=utf8mb4_unicode_ci COMMENT='╨б╨╛╨╛╨▒╤Й╨╡╨╜╨╕╤П';
/*!40101 SET character_set_client = @saved_cs_client */;

--
-- Dumping data for table `messages`
--

LOCK TABLES `messages` WRITE;
/*!40000 ALTER TABLE `messages` DISABLE KEYS */;
INSERT INTO `messages` VALUES (1,62,82,'Est voluptates aliquid doloribus sapiente non perspiciatis. Molestias tempora autem pariatur. Delectus non officia ullam ab delectus harum. Sint consequatur voluptas temporibus ducimus distinctio.',0,0,'2012-05-03 20:20:03'),(2,7,82,'Dolor laborum labore aut similique iure. Alias rerum facere eligendi porro.',1,0,'2011-06-09 06:17:12'),(3,34,21,'Possimus rerum beatae aspernatur ut sit. Cumque quidem pariatur ut ex unde corrupti inventore. Sit consectetur quas sint vel.',1,1,'2016-07-27 16:21:34'),(4,1,44,'Est officia dolor voluptatem consequatur nihil repellat. Itaque laboriosam non omnis aut. Beatae eligendi exercitationem ab expedita quo porro illo.',0,0,'2013-03-15 23:49:55'),(5,17,50,'Eos minima aperiam quis ratione. Suscipit ab omnis quaerat voluptas suscipit corrupti. Fuga corrupti facilis nihil et omnis.',1,1,'2017-01-11 05:10:09'),(6,98,41,'Quo id qui eligendi rerum sed non perspiciatis. Voluptatem est reiciendis qui. Voluptatem non rerum consequuntur et tempora vitae recusandae. Ipsam repellat expedita commodi harum.',1,1,'2017-04-19 04:19:44'),(7,12,33,'Aut minus consectetur optio alias distinctio ab. Iure ea voluptatem asperiores non laborum et quia aperiam. Voluptas iusto saepe quaerat ipsum pariatur et. Magnam molestiae non sapiente occaecati.',1,0,'2014-04-19 10:59:42'),(8,31,57,'Aperiam deleniti iste soluta voluptatem voluptatem sed. Molestiae nostrum harum ut voluptatem iste quidem. Nisi officiis delectus aut facilis. Iure molestiae est in nulla sed praesentium et.',0,1,'2017-10-06 06:39:24'),(9,89,73,'Modi culpa atque labore numquam et blanditiis. Nisi omnis nisi ipsam aspernatur doloremque omnis omnis. Tenetur aspernatur tempora reprehenderit.',1,0,'2011-06-10 05:18:46'),(10,97,68,'Aut aut asperiores omnis dolores eos laudantium consequatur. Occaecati nulla perspiciatis sint voluptates et iste corporis. Voluptatem saepe error et error pariatur.',0,0,'2018-12-25 22:33:54'),(11,48,33,'Dolor commodi unde id tempore. Architecto minus aut aut facere suscipit vitae rerum. Ut dolorum et rerum id exercitationem. Suscipit omnis distinctio quis et delectus et.',1,0,'2014-06-17 11:36:30'),(12,23,16,'Ut a hic expedita consequuntur sit. Ut ut magni cupiditate fugit id atque ea. Blanditiis quo doloribus minima tempore doloribus ea maiores quibusdam.',1,0,'2018-03-11 04:20:41'),(13,9,99,'Reiciendis repudiandae similique qui quibusdam dolorem. Incidunt rerum saepe sed quis. Voluptatum doloribus maxime molestias et odio tempora.',0,0,'2013-06-20 09:17:03'),(14,65,29,'Eaque est excepturi in veniam laboriosam enim iste odio. Neque deserunt eaque beatae aliquid consequuntur id. Doloribus iste qui eos qui illo ea.',0,0,'2014-04-29 10:26:00'),(15,48,54,'Omnis expedita et molestiae sint voluptatem quo. Ut fugiat optio ipsum. Iure doloribus dicta est id optio voluptatibus.',0,0,'2020-01-29 03:37:13'),(16,24,58,'Alias alias sit nulla voluptatibus illo. Doloremque suscipit sint ut et quis reprehenderit molestiae. Magni voluptatem facere eius beatae pariatur magni.',1,1,'2012-07-02 10:27:38'),(17,16,8,'Est ea labore vitae corrupti distinctio explicabo deleniti voluptatem. Eveniet dolores iste recusandae nisi.\nSapiente atque et iure impedit fugiat. Nemo magnam id sed. Omnis tempore aut quos ad rem.',1,1,'2015-09-30 23:10:57'),(18,92,35,'Neque neque quas aliquid voluptas tenetur recusandae sed. Suscipit ducimus dolores atque et. Aut quam iusto quia optio. Debitis nesciunt in est illo eum eius molestias dolorum.',0,1,'2015-08-08 05:36:53'),(19,99,87,'Ipsam rem molestiae fugiat. Alias a excepturi laboriosam dolores id dicta dignissimos. Consequatur dolor quaerat facere reprehenderit. Veniam explicabo nihil sed rerum temporibus sunt.',1,0,'2021-01-10 00:41:35'),(20,39,31,'Nihil at maxime est nulla commodi et alias. Asperiores ut nostrum velit aspernatur ipsam quod est. Ipsum fugiat et provident. Eaque id atque autem in quos voluptas.',1,1,'2020-01-31 09:24:11'),(21,7,7,'Quo labore dolorum eveniet qui. Molestias omnis dicta voluptatem sunt. Accusamus deserunt dolor nobis nisi molestias. Delectus quasi earum error ut aliquid.',0,1,'2019-02-02 17:57:01'),(22,12,39,'Dolores et ea harum. Maiores delectus voluptatem rerum. Velit fugit et unde in et mollitia omnis.',1,1,'2019-10-10 22:56:10'),(23,60,82,'Doloremque ut totam et autem molestiae. Voluptatem ex qui et aspernatur.',0,1,'2018-07-10 02:03:18'),(24,30,4,'Rerum non veritatis beatae est corporis animi. Aut laudantium cumque maxime tempore non aut perferendis.',1,0,'2014-08-13 22:14:48'),(25,27,23,'Repudiandae repellat asperiores fugiat atque id consequatur vel sed. Adipisci quo eveniet aut maxime vel molestiae. Sed ex ut nulla adipisci ipsum doloribus iusto aut.',1,0,'2015-05-28 21:47:25'),(26,33,95,'Quis mollitia velit delectus dolores voluptates non. Sint ut officiis quasi aut aut. Suscipit tempore quae laboriosam voluptatibus cupiditate. Repellendus nemo ipsa aut neque.',0,0,'2014-10-19 13:03:04'),(27,77,100,'Qui unde iure quam nihil aperiam. Eius porro iure labore et voluptatem non illum.',0,0,'2012-04-07 18:17:01'),(28,67,34,'Sit quam qui recusandae enim. Nostrum qui molestiae nemo. Blanditiis accusamus et veniam aperiam possimus recusandae. Illo architecto voluptas perferendis saepe ad fugit.',1,1,'2021-04-15 10:17:22'),(29,68,37,'Doloribus vitae omnis autem veritatis. Nobis illo voluptatem cumque officiis est occaecati. Veniam sed laboriosam quae dolorem sequi.',1,1,'2019-02-10 07:32:32'),(30,81,94,'Minima nobis sunt in omnis possimus. Repellat exercitationem reprehenderit rem ea et doloribus. Enim adipisci sapiente eligendi et in numquam.',1,0,'2021-03-17 16:00:15'),(31,25,43,'Velit dolorem libero corrupti possimus ut est. Earum sed velit architecto eum perferendis ut et veniam.',0,1,'2019-10-22 21:52:05'),(32,39,67,'Consequatur qui enim reprehenderit placeat nostrum est. Aut molestiae officia omnis perferendis. Rerum consequatur consectetur inventore.',1,1,'2020-11-01 14:40:16'),(33,7,76,'Voluptatem impedit delectus libero non. Sit ex aliquam molestiae qui iusto reprehenderit nulla. Ea iusto suscipit minus. A repudiandae aut omnis libero.',0,0,'2018-12-17 05:35:47'),(34,32,33,'Consequuntur accusamus ipsa ipsam aliquam pariatur. Nisi saepe aut quis nulla sed dicta. Maxime quae ut soluta dolore aut.',0,0,'2015-03-30 17:56:00'),(35,63,20,'Consequatur et ex fugit et provident asperiores corrupti. Quo temporibus fuga eum commodi libero iusto.',0,1,'2015-05-04 10:45:53'),(36,11,95,'Dolorem optio exercitationem aperiam. Ut amet nihil cum et. Dignissimos modi velit excepturi iusto. Enim laborum magnam harum.',1,0,'2019-09-10 04:26:00'),(37,41,21,'Dignissimos voluptates qui laborum nihil non possimus. Ut neque voluptas iste nihil. Nobis error quis voluptatibus neque facilis fugiat consectetur.',1,1,'2016-11-12 22:51:35'),(38,80,35,'Aspernatur omnis ut architecto illum quidem facilis minima. Molestias quo saepe totam quasi autem necessitatibus perferendis.',1,1,'2013-06-07 01:16:28'),(39,7,70,'Ipsum debitis incidunt vel labore dolores praesentium dicta quis. Occaecati voluptatem mollitia qui ipsam. Quas incidunt sed saepe. Consequatur nobis qui nisi quos.',0,1,'2015-09-06 16:59:57'),(40,46,17,'Accusamus eveniet rerum vel sed sed consequatur. Quod in et consequatur doloremque doloribus voluptatum beatae dolorem.',1,0,'2016-08-05 06:24:34'),(41,46,80,'Repellat nisi molestias non ea quia quis. Repellat rem dolor soluta. Aut veritatis voluptatem sit iusto explicabo reprehenderit distinctio.',1,0,'2012-03-12 12:14:14'),(42,60,61,'Amet error libero vel. Voluptatum nobis sed dolore. Sint temporibus porro quia molestiae non occaecati cumque. Quos eum doloribus exercitationem minima quia illo autem.',0,1,'2016-09-09 16:56:15'),(43,23,34,'Mollitia dolor cum aliquam dolorum perferendis ex. Dolores ullam aut veritatis repudiandae perspiciatis nihil iusto fugit. Dolorem sunt asperiores labore iure.',0,1,'2017-10-13 19:34:56'),(44,99,94,'Sit iste ullam culpa ab facilis et facere. Alias accusantium voluptatem deserunt soluta ut. Voluptate impedit quo ipsum voluptatibus.',1,0,'2014-09-23 09:37:46'),(45,73,83,'Aut tempora eligendi cumque eligendi. Excepturi voluptate sint distinctio natus sit. Voluptatum velit qui facere veniam doloribus.',1,0,'2016-01-30 02:25:50'),(46,92,14,'Sed labore eligendi rem dolores. Consectetur quos ipsum ut eum nisi qui. Quis reiciendis placeat dolor molestias omnis commodi maxime.',1,1,'2013-10-22 18:32:03'),(47,91,14,'Praesentium officiis incidunt qui porro temporibus dolorum veritatis. Quia repellat odio distinctio possimus eveniet sed. Et nobis nobis quia officiis perferendis vero itaque quasi.',1,0,'2016-03-22 06:07:20'),(48,96,39,'Dolores pariatur molestiae dolores quibusdam. Laudantium temporibus assumenda illum aut. Voluptate voluptas aperiam quis pariatur consequatur.',0,0,'2015-11-06 13:38:13'),(49,7,19,'Nemo fugiat soluta voluptatem autem asperiores. Quia optio voluptatem est quae est rem et. Laboriosam qui exercitationem magnam qui eum iure saepe.',1,0,'2018-10-23 04:05:34'),(50,70,92,'Non magni qui aut quam ipsa in. Possimus rerum enim et accusantium sint officia aliquid. Eveniet eaque sint tempora perspiciatis saepe eius magni. Dolor nobis laudantium dicta.',1,1,'2016-01-27 08:06:05'),(51,52,83,'Error tempora quia fuga enim sed omnis officia. Corporis quia ea facere quasi laborum eum vitae ratione. Voluptas assumenda voluptas impedit ut eius.',0,1,'2018-04-30 06:28:04'),(52,58,42,'Neque non soluta et aut quaerat voluptates. Praesentium ad velit id neque quam pariatur. Doloribus impedit minima distinctio. Hic perferendis repellendus in soluta enim expedita doloribus.',0,1,'2021-02-28 10:33:22'),(53,36,53,'Est sit quae nihil quia omnis. Facilis dolores non recusandae nobis explicabo recusandae quas. Nostrum illo iusto fugiat impedit.',0,0,'2011-09-25 10:17:13'),(54,55,18,'Modi qui hic facilis facere. Libero ad dolor qui molestiae. Odio aut quia rerum atque odit non. Eaque quod quod eos voluptatibus.',1,0,'2011-05-11 14:41:39'),(55,22,57,'Odio commodi quasi sint doloremque magnam in sed et. Veniam alias dolorem sit illum odio voluptatem. Nemo voluptatem laboriosam nihil occaecati veniam. Dolorem rerum mollitia debitis nihil.',0,0,'2012-05-17 15:29:12'),(56,19,22,'Quia itaque occaecati at. Consequatur sit nesciunt ut eum. Minima facilis sint natus ad harum. Eum sit eum tempore aliquam quis sit. Rerum tempora cum nemo ut magnam.',1,1,'2012-12-23 13:23:41'),(57,52,93,'Recusandae in veritatis qui eos laudantium blanditiis veniam. Fugiat qui voluptatum suscipit. Vero aut perferendis quis qui.',1,1,'2016-04-03 19:11:25'),(58,8,60,'Facere voluptatibus quia quis sequi commodi harum ut. Odio consequatur voluptates officiis ipsum vel. Quibusdam hic fuga quo. Omnis corrupti quia aspernatur qui omnis ut sit.',1,0,'2018-10-03 05:22:29'),(59,78,9,'Iste fugiat dolor et officia dicta dolorem eligendi. Id qui rem et voluptatem.\nLibero veniam dolorem qui pariatur. Ratione distinctio asperiores est quidem ducimus et dolor voluptatibus.',1,1,'2015-05-23 18:35:51'),(60,11,28,'Distinctio quia sint vel aut a. Maxime dignissimos sequi eum odio ipsa aut. Consequatur porro dolorum non sit deleniti. Est ratione omnis delectus sed architecto ut aperiam.',0,1,'2017-05-10 22:02:45'),(61,7,50,'Explicabo quasi ipsam nihil harum incidunt nihil. In rem non aliquam ex. Voluptatem provident et voluptatibus harum beatae. Omnis qui sequi eveniet.',0,1,'2019-11-05 01:16:58'),(62,30,98,'Eos est laudantium placeat nemo qui. Dolores dicta nihil aliquam ipsam sint tempore. Error dolor ea ut sequi. Est dolorum quasi enim.',0,0,'2013-08-10 08:06:08'),(63,100,5,'Quos hic delectus harum voluptatem. Et dolorum sit saepe ratione voluptas eum laboriosam. Et consequuntur id quaerat quia id. Pariatur qui quae culpa sit esse.',0,0,'2011-05-18 05:44:49'),(64,23,100,'Ab quis omnis nobis voluptas rem. Autem voluptas recusandae est et. Consequatur asperiores porro modi dicta totam harum similique.',1,1,'2020-07-03 21:47:31'),(65,31,53,'Corrupti quos autem quod velit iure asperiores. Rerum magnam accusamus aut sint omnis. Cumque ea amet sed inventore ullam voluptatem. Est delectus omnis quaerat et consequuntur.',0,0,'2011-05-21 05:05:06'),(66,71,97,'Dolore fugit sed beatae similique tempora qui. Quasi quo facere rerum magni ea omnis est. Et iste sapiente quaerat suscipit recusandae.',0,1,'2016-06-19 23:39:51'),(67,73,74,'Voluptatem et consequuntur architecto consequatur quo recusandae exercitationem. Dolorem molestiae sed culpa tempora facere quaerat. Aliquid necessitatibus earum et reprehenderit cum aliquid.',1,0,'2012-05-24 05:35:36'),(68,48,19,'Cum vel libero asperiores omnis dignissimos. Eaque ducimus quod laborum inventore est. Blanditiis et quibusdam voluptatem est excepturi sunt deleniti. Quis qui eaque quibusdam vero.',1,0,'2016-08-01 23:14:30'),(69,51,97,'Magnam in neque et eum quidem facilis reprehenderit. Est et blanditiis modi et quia saepe. Nobis praesentium animi aut ea voluptatum magni.',0,0,'2014-11-11 21:28:50'),(70,33,71,'Beatae numquam quia harum provident dolorum repellat reprehenderit. Eos delectus quibusdam eos maxime ut quos veritatis. Molestias illum non vero quasi dolore modi.',0,1,'2020-12-23 16:36:00'),(71,55,61,'Mollitia delectus libero et non cupiditate nostrum in. Fugit veritatis et qui et. Repellat dolore maxime tempora exercitationem quasi ea ipsa iusto.',1,1,'2014-06-07 15:20:38'),(72,40,17,'Sint at autem dolores incidunt sit placeat fugiat. Illum aut ut earum hic ut rerum. Dolor illum sit qui nobis. Aut sed rerum sit et.',1,1,'2013-10-11 15:51:54'),(73,65,73,'Qui voluptatibus iusto nihil et non ut. Voluptatem reprehenderit sit quis rerum aut error. Dolorum rerum at occaecati quam ab quos eaque et. Sit et perspiciatis est excepturi.',0,0,'2021-01-06 04:13:45'),(74,69,25,'Corporis suscipit aut laboriosam ipsam eos nesciunt a. Ea voluptas soluta laboriosam non impedit.\nDoloremque fugiat consequatur non at. Ut dolorem corrupti quae culpa dolorem.',0,1,'2020-06-14 09:15:41'),(75,16,7,'Vel ea tempora esse et enim. Aliquid dolores facilis sed ad dicta nam rerum.',1,0,'2021-02-14 03:52:31'),(76,85,3,'Nisi asperiores culpa quidem dignissimos quae. Quia recusandae ducimus iusto voluptatem aut quam explicabo. Quia et aut eum et at consequatur unde. Tempora quia in maxime modi ab consequatur animi.',0,1,'2016-02-29 15:25:36'),(77,60,93,'Aut ex molestias architecto ut incidunt. Sunt nisi a qui aut corrupti. Nesciunt quia nam recusandae velit voluptate adipisci.',0,0,'2013-08-17 05:36:36'),(78,82,30,'Fugit atque nesciunt aut consequatur fugiat. Voluptatibus nisi atque ipsum consectetur. Cum inventore tempore et eaque a deleniti.',0,1,'2019-10-14 08:11:12'),(79,6,37,'Dolore quibusdam molestias soluta consequatur sed quia. Quibusdam ad et impedit ipsam alias itaque. Sit cupiditate ea recusandae blanditiis quos.',0,0,'2013-03-23 15:40:34'),(80,67,26,'Similique possimus est vel et porro. Enim odio ut ex sed consequatur. Neque necessitatibus laboriosam iusto ratione.',1,1,'2011-11-19 05:18:27'),(81,26,54,'Debitis inventore non odio. Quibusdam quae aliquid tenetur mollitia impedit. Laborum iure sapiente vel velit iste iusto consequatur.',1,0,'2012-03-05 21:07:23'),(82,89,83,'Ducimus quisquam molestiae molestias quaerat. Eligendi at voluptatem occaecati est ut illum aliquam nobis. Quis delectus ut quo dolor voluptatem delectus temporibus quia.',1,0,'2016-08-07 17:29:04'),(83,46,83,'Autem repellendus corrupti omnis facere dicta ad. Blanditiis non pariatur ad rem. Aspernatur incidunt et consectetur impedit occaecati est est. Et laudantium aut dolore soluta sunt inventore eaque.',1,1,'2012-07-11 19:03:17'),(84,77,34,'Voluptas ut magni doloribus eius occaecati atque. Sunt quia tempore id deleniti blanditiis. Non ut consequatur aut delectus rerum. Et soluta beatae inventore est.',0,1,'2012-01-19 21:57:48'),(85,39,93,'In qui occaecati saepe dolor. Voluptate laudantium quis reiciendis eum voluptate aut. Voluptas rerum voluptatem sit repellat eaque tempore consectetur. Placeat magnam corrupti aut ea consectetur.',0,0,'2012-09-24 12:53:49'),(86,48,60,'Quis id qui unde labore. Voluptatem deleniti minima quia quibusdam molestias. Placeat rerum at debitis in maxime. Veritatis quae vero rerum et. Omnis quasi molestiae quos ut labore.',0,1,'2015-10-13 21:10:43'),(87,56,98,'Error unde voluptatem id atque labore quidem facilis. Velit itaque qui sunt qui tenetur quas accusantium.',1,0,'2018-03-31 22:49:16'),(88,23,19,'Tempore quis explicabo at quia accusantium itaque. Veritatis occaecati distinctio optio non animi suscipit. Eius facilis illum aut accusamus nulla autem non. Ipsa est consequatur dolore totam.',0,0,'2014-03-01 06:24:06'),(89,27,77,'Aut reprehenderit earum quo qui molestiae omnis. Quibusdam facere quibusdam ea sapiente quis recusandae. Est vero doloremque ratione.',0,1,'2020-01-19 09:29:45'),(90,2,78,'Voluptatem iusto alias eaque sequi dicta ea rem culpa. Voluptatum odit voluptates nobis odio. Suscipit corrupti ut omnis adipisci error.',0,1,'2014-08-15 18:28:24'),(91,85,92,'Dolor id quisquam quis sed cumque. Eos sed velit et eligendi aliquid non.',0,0,'2013-11-01 20:21:00'),(92,1,31,'Sed vitae ullam et. Praesentium occaecati consequatur in et illo voluptatibus. Hic et incidunt reprehenderit asperiores ut beatae quisquam quia.',0,0,'2020-07-10 09:44:36'),(93,50,59,'Libero est cupiditate in. Autem sed qui eligendi veritatis deserunt. Officia hic natus dolore fugit aut. Aperiam laborum impedit cum omnis.',1,1,'2012-11-29 09:42:51'),(94,42,35,'Fugit est molestiae quibusdam praesentium ipsa ab. Porro aut et ab quibusdam.',1,0,'2011-10-30 20:03:50'),(95,49,36,'Quia reprehenderit sint aut et dolor et quisquam et. Omnis modi sunt quidem qui facilis ratione. Nisi quibusdam consectetur ut nemo labore dolor quisquam.',0,0,'2017-07-27 17:03:51'),(96,36,70,'Alias eveniet veritatis sit quas voluptate dignissimos totam. Doloribus omnis ut animi et nulla et. Ex ut ipsum consequatur voluptatem doloremque voluptas.',0,1,'2011-12-11 19:47:51'),(97,42,98,'Quia earum nam quis temporibus odio quaerat illo. Numquam ipsa ratione vero doloribus ut.',1,0,'2014-09-14 04:16:03'),(98,62,19,'Id et molestiae ab repudiandae assumenda cum libero. Sunt impedit unde rerum. Qui explicabo possimus et corrupti officia eum. Dignissimos voluptatem molestiae illo sed voluptatem porro numquam.',0,1,'2013-05-07 07:42:58'),(99,7,76,'Ipsa recusandae tempore nostrum voluptatibus. Et nihil est dolorem repellat nemo cum non. Dicta pariatur quasi numquam. In magnam voluptas necessitatibus sapiente.',0,0,'2015-11-28 05:42:28'),(100,61,78,'Nobis beatae quia est est est rem. Non id reiciendis eius fugit accusantium quae. Repudiandae cupiditate eligendi voluptatum explicabo.',0,0,'2017-08-19 00:52:34');
/*!40000 ALTER TABLE `messages` ENABLE KEYS */;
UNLOCK TABLES;

--
-- Table structure for table `posts`
--

DROP TABLE IF EXISTS `posts`;
/*!40101 SET @saved_cs_client     = @@character_set_client */;
/*!50503 SET character_set_client = utf8mb4 */;
CREATE TABLE `posts` (
  `id` int unsigned NOT NULL AUTO_INCREMENT,
  `user_id` int unsigned NOT NULL,
  `community_id` int unsigned DEFAULT NULL,
  `head` varchar(255) DEFAULT NULL,
  `body` text NOT NULL,
  `media_id` int unsigned DEFAULT NULL,
  `is_public` tinyint(1) DEFAULT '1',
  `is_archived` tinyint(1) DEFAULT '0',
  `created_at` datetime DEFAULT CURRENT_TIMESTAMP,
  `updated_at` datetime DEFAULT CURRENT_TIMESTAMP ON UPDATE CURRENT_TIMESTAMP,
  PRIMARY KEY (`id`),
  KEY `posts_user_id_fk` (`user_id`),
  KEY `posts_community_id_fk` (`community_id`),
  KEY `posts_media_id_fk` (`media_id`),
  CONSTRAINT `posts_community_id_fk` FOREIGN KEY (`community_id`) REFERENCES `communities` (`id`) ON DELETE CASCADE,
  CONSTRAINT `posts_media_id_fk` FOREIGN KEY (`media_id`) REFERENCES `media` (`id`) ON DELETE CASCADE,
  CONSTRAINT `posts_user_id_fk` FOREIGN KEY (`user_id`) REFERENCES `users` (`id`) ON DELETE CASCADE
) ENGINE=InnoDB DEFAULT CHARSET=utf8mb4 COLLATE=utf8mb4_0900_ai_ci;
/*!40101 SET character_set_client = @saved_cs_client */;

--
-- Dumping data for table `posts`
--

LOCK TABLES `posts` WRITE;
/*!40000 ALTER TABLE `posts` DISABLE KEYS */;
/*!40000 ALTER TABLE `posts` ENABLE KEYS */;
UNLOCK TABLES;

--
-- Table structure for table `profiles`
--

DROP TABLE IF EXISTS `profiles`;
/*!40101 SET @saved_cs_client     = @@character_set_client */;
/*!50503 SET character_set_client = utf8mb4 */;
CREATE TABLE `profiles` (
  `user_id` int unsigned NOT NULL COMMENT '╨б╤Б╤Л╨╗╨║╨░ ╨╜╨░ ╨┐╨╛╨╗╤М╨╖╨╛╨▓╨░╤В╨╡╨╗╤П',
  `gender` char(1) CHARACTER SET utf8mb4 COLLATE utf8mb4_unicode_ci NOT NULL COMMENT '╨Я╨╛╨╗',
  `birthday` date DEFAULT NULL COMMENT '╨Ф╨░╤В╨░ ╤А╨╛╨╢╨┤╨╡╨╜╨╕╤П',
  `city` varchar(130) CHARACTER SET utf8mb4 COLLATE utf8mb4_unicode_ci DEFAULT NULL COMMENT '╨У╨╛╤А╨╛╨┤ ╨┐╤А╨╛╨╢╨╕╨▓╨░╨╜╨╕╤П',
  `country` varchar(130) CHARACTER SET utf8mb4 COLLATE utf8mb4_unicode_ci DEFAULT NULL COMMENT '╨б╤В╤А╨░╨╜╨░ ╨┐╤А╨╛╨╢╨╕╨▓╨░╨╜╨╕╤П',
  `created_at` datetime DEFAULT CURRENT_TIMESTAMP COMMENT '╨Т╤А╨╡╨╝╤П ╤Б╨╛╨╖╨┤╨░╨╜╨╕╤П ╤Б╤В╤А╨╛╨║╨╕',
  `updated_at` datetime DEFAULT CURRENT_TIMESTAMP ON UPDATE CURRENT_TIMESTAMP COMMENT '╨Т╤А╨╡╨╝╤П ╨╛╨▒╨╜╨╛╨▓╨╗╨╡╨╜╨╕╤П ╤Б╤В╤А╨╛╨║╨╕',
  PRIMARY KEY (`user_id`),
  CONSTRAINT `profiles_user_id_fk` FOREIGN KEY (`user_id`) REFERENCES `users` (`id`) ON DELETE CASCADE
) ENGINE=InnoDB DEFAULT CHARSET=utf8mb4 COLLATE=utf8mb4_unicode_ci COMMENT='╨Я╤А╨╛╤Д╨╕╨╗╨╕';
/*!40101 SET character_set_client = @saved_cs_client */;

--
-- Dumping data for table `profiles`
--

LOCK TABLES `profiles` WRITE;
/*!40000 ALTER TABLE `profiles` DISABLE KEYS */;
INSERT INTO `profiles` VALUES (1,'m','1999-02-14','Durganstad','Micronesia','2017-03-15 17:58:53','2018-08-02 12:42:54'),(2,'m','1979-02-02','Port Shana','Algeria','2021-04-09 15:11:39','2021-04-29 21:01:45'),(3,'m','2007-11-21','East Germaine','Philippines','2020-07-26 22:19:01','2021-04-29 21:01:45'),(4,'f','1970-07-17','South Jennifer','Chile','2019-12-20 05:29:51','2021-04-29 21:01:45'),(5,'f','1996-10-26','Mercedestown','Botswana','2012-09-20 01:21:53','2021-04-29 21:01:45'),(6,'m','1988-12-14','Markustown','Sao Tome and Principe','2012-09-04 22:54:26','2019-04-19 11:20:28'),(7,'m','2000-11-01','South Winnifred','Russian Federation','2013-02-18 22:58:40','2016-05-01 10:05:01'),(8,'f','1991-08-12','Framiville','Netherlands','2016-05-15 13:34:11','2021-04-29 21:01:45'),(9,'f','2011-02-22','Laurianeport','Mauritius','2013-11-19 03:13:00','2020-05-21 06:11:53'),(10,'m','1973-06-26','North Archstad','Mayotte','2017-01-20 04:08:21','2021-04-29 21:01:45'),(11,'f','1971-09-07','Rempelview','Albania','2017-04-24 01:16:33','2021-04-29 21:01:45'),(12,'m','2015-11-17','Wilmaland','India','2014-01-25 04:30:45','2014-01-31 07:00:27'),(13,'m','2018-04-07','Port Haylee','Niger','2018-11-28 02:51:59','2021-04-29 21:01:45'),(14,'f','1986-09-02','Lake Barry','Lithuania','2012-09-16 01:23:55','2017-05-10 09:32:38'),(15,'f','2006-06-02','Gleichnerfort','Brunei Darussalam','2017-01-22 12:28:15','2019-03-07 11:41:36'),(16,'f','1987-12-18','Lake Dandre','Saint Vincent and the Grenadines','2017-08-29 21:52:26','2021-04-29 21:01:45'),(17,'m','2006-01-03','Port Fred','Eritrea','2012-05-30 00:52:10','2013-04-16 22:45:50'),(18,'f','1994-01-27','North Robertatown','San Marino','2020-05-21 09:31:33','2021-04-29 21:01:45'),(19,'f','1993-04-05','Elissaside','Israel','2016-07-27 07:49:59','2021-04-29 21:01:45'),(20,'f','2014-12-23','Christybury','Dominican Republic','2020-08-21 21:57:07','2021-04-29 21:01:45'),(21,'f','1978-12-11','Francismouth','Armenia','2018-08-07 10:23:56','2019-03-20 07:40:22'),(22,'f','1975-04-06','New Jewel','Algeria','2017-05-22 06:27:04','2021-04-29 21:01:45'),(23,'f','2015-07-20','North Carriechester','Guatemala','2016-04-03 18:09:00','2021-04-29 21:01:45'),(24,'f','2020-05-25','East Wayne','Spain','2020-05-22 14:05:39','2021-04-29 21:01:45'),(25,'f','2009-07-21','Sipesfurt','Puerto Rico','2017-01-14 08:45:54','2019-06-06 16:48:17'),(26,'m','1995-10-14','Lake Millie','Denmark','2012-09-19 01:10:07','2013-12-29 19:42:24'),(27,'m','1974-07-29','Mariannahaven','United Arab Emirates','2019-01-13 21:51:25','2021-04-29 21:01:45'),(28,'f','2003-10-07','Port Tomasa','Latvia','2012-03-25 20:57:18','2020-07-20 15:26:50'),(29,'m','1973-11-20','North Johnathon','Ethiopia','2013-01-03 22:25:12','2017-05-22 13:44:28'),(30,'f','1996-06-01','Noemiebury','Zimbabwe','2019-11-10 19:57:33','2021-04-29 21:01:45'),(31,'m','1975-10-30','South Zolamouth','Philippines','2014-11-15 14:23:15','2017-10-07 23:14:14'),(32,'f','1996-05-13','South Brandi','United Arab Emirates','2012-10-29 02:24:03','2015-12-31 23:54:01'),(33,'m','2001-02-04','East Hiltonton','Portugal','2011-11-10 00:30:24','2019-08-01 15:33:54'),(34,'m','1984-02-07','East Abdulshire','Botswana','2014-09-06 04:40:31','2021-04-29 21:01:45'),(35,'m','1983-08-05','Aidenview','Kazakhstan','2018-02-04 02:28:10','2018-02-11 15:56:38'),(36,'f','1985-06-06','Lake Santa','Faroe Islands','2017-10-02 07:13:53','2021-04-29 21:01:45'),(37,'f','1974-05-17','Elianeburgh','Madagascar','2013-11-21 19:47:11','2015-12-26 06:20:18'),(38,'f','2011-04-15','Gusikowskiberg','Chile','2017-12-11 10:27:45','2021-04-29 21:01:45'),(39,'m','1980-11-28','Millerville','Israel','2013-12-30 04:29:13','2021-04-29 21:01:45'),(40,'f','2007-10-29','Majormouth','Jamaica','2017-08-19 12:43:43','2021-04-29 21:01:45'),(41,'f','2005-02-21','Rolfsonburgh','Isle of Man','2017-10-07 11:25:57','2021-04-29 21:01:45'),(42,'m','2013-12-20','Solonton','Luxembourg','2019-02-19 20:45:14','2020-06-24 06:38:30'),(43,'m','2010-08-14','East Dina','Guinea-Bissau','2012-03-19 14:07:34','2021-04-29 21:01:45'),(44,'f','2005-06-26','New Chet','Holy See (Vatican City State)','2019-11-30 14:00:40','2021-04-29 21:01:45'),(45,'m','1993-09-15','Mylenestad','United Kingdom','2018-05-30 09:45:48','2021-04-29 21:01:45'),(46,'m','2011-07-20','East Susanburgh','Montserrat','2012-05-22 04:24:10','2021-04-29 21:01:45'),(47,'m','2001-01-05','Janellechester','Bhutan','2017-11-09 23:49:07','2017-12-02 17:55:03'),(48,'m','1983-05-13','New Wilford','Fiji','2013-07-07 20:40:52','2015-03-08 00:37:08'),(49,'m','1992-08-09','Lake Meggieview','Russian Federation','2016-09-25 14:38:20','2021-04-29 21:01:45'),(50,'m','1991-04-24','New Devontetown','Mozambique','2018-07-13 05:40:33','2018-11-04 00:57:46'),(51,'m','1993-02-06','Boehmhaven','Timor-Leste','2016-12-28 06:53:19','2018-07-19 12:29:13'),(52,'m','2008-11-19','Jarrodtown','French Southern Territories','2020-06-28 05:41:42','2021-04-29 21:01:45'),(53,'f','1987-09-16','Port Candace','Lithuania','2015-07-25 13:27:21','2018-01-09 22:48:20'),(54,'m','1971-03-07','Heathcoteside','Solomon Islands','2011-08-06 23:04:26','2016-07-24 09:41:42'),(55,'f','2018-09-11','South Maximo','Serbia','2019-02-06 10:40:31','2021-04-29 21:01:45'),(56,'m','2019-06-09','East Garrethaven','Albania','2012-09-29 00:11:45','2014-02-11 17:52:24'),(57,'m','2020-12-14','Jeanetteberg','Maldives','2017-08-19 21:20:58','2019-03-02 04:17:39'),(58,'m','1985-01-10','North Leopoldmouth','Madagascar','2020-08-17 04:18:38','2021-04-29 21:01:45'),(59,'m','1970-05-20','Alexaneland','Uruguay','2011-06-30 01:49:32','2013-07-17 03:48:54'),(60,'m','1972-10-05','Rosafurt','Turkey','2019-02-14 04:52:11','2021-04-29 21:01:45'),(61,'f','1983-02-28','East Zelmamouth','Spain','2014-07-09 06:18:30','2017-01-27 23:19:49'),(62,'f','2002-06-26','North Brennamouth','Guernsey','2014-01-22 23:34:48','2016-04-24 18:34:32'),(63,'f','2001-08-07','Lake Sigmund','China','2020-10-08 19:57:36','2021-04-29 21:01:45'),(64,'f','1974-02-26','North Katrina','Rwanda','2014-03-13 15:35:37','2018-10-03 07:26:57'),(65,'f','1972-06-30','Kilbackberg','Christmas Island','2013-11-14 09:39:51','2014-05-10 21:16:19'),(66,'f','1996-12-23','Gabrielberg','Netherlands Antilles','2020-09-29 08:31:24','2021-04-29 21:01:45'),(67,'m','2017-09-22','Schultzmouth','Angola','2016-05-10 01:05:20','2021-04-29 21:01:45'),(68,'m','1982-06-23','South Carterburgh','Suriname','2015-06-17 19:05:17','2021-04-29 21:01:45'),(69,'m','1990-06-17','Frederikbury','Kenya','2014-07-11 16:27:03','2017-06-08 13:23:58'),(70,'f','1985-06-05','Lake Kristianview','Guatemala','2016-06-02 17:00:25','2021-04-29 21:01:45'),(71,'m','2012-01-05','Ryanland','American Samoa','2012-10-03 12:23:12','2013-11-29 00:48:39'),(72,'m','2010-08-04','Port Geovanniton','Niger','2020-10-27 23:26:53','2021-04-29 21:01:45'),(73,'m','2003-11-21','Wildermanside','Saint Pierre and Miquelon','2019-05-27 00:53:13','2021-04-29 21:01:45'),(74,'f','1977-06-06','Beahanhaven','Svalbard & Jan Mayen Islands','2017-10-04 20:16:34','2021-04-29 21:01:45'),(75,'m','1971-07-21','Boganton','Azerbaijan','2012-09-22 08:38:32','2021-04-29 21:01:45'),(76,'f','2017-10-30','North Finnview','Gabon','2012-04-19 17:31:24','2020-07-08 00:51:22'),(77,'m','2015-08-01','South Antoninafort','Benin','2017-11-21 17:39:57','2021-04-29 21:01:45'),(78,'m','1984-07-22','Lexuschester','Israel','2012-07-28 17:03:05','2013-09-13 08:01:19'),(79,'m','2001-07-18','Waylonberg','Singapore','2016-12-15 18:52:49','2021-04-29 21:01:45'),(80,'m','1988-12-18','Eleonorechester','Yemen','2013-10-30 06:03:28','2016-08-08 22:43:33'),(81,'f','1992-04-23','South Gregory','Saint Martin','2014-03-31 10:43:00','2016-12-11 04:06:32'),(82,'m','2019-07-26','North Leathaburgh','Argentina','2020-11-15 17:09:36','2021-04-29 21:01:45'),(83,'f','1977-02-08','Orphaberg','Denmark','2019-12-19 04:31:00','2020-01-15 15:44:56'),(84,'m','2017-10-30','Port Jacklyn','Zimbabwe','2019-01-02 16:24:52','2020-07-28 02:22:07'),(85,'m','1970-08-18','Armstrongside','Niue','2012-07-03 03:39:54','2014-11-16 03:06:58'),(86,'m','1978-10-31','Hansenberg','Turks and Caicos Islands','2018-10-25 04:29:38','2019-05-12 03:38:31'),(87,'m','2004-07-24','North Ali','Guatemala','2013-04-04 10:30:15','2017-06-27 04:35:47'),(88,'f','2005-07-01','Hoegerview','South Africa','2020-05-05 20:59:29','2021-04-29 21:01:45'),(89,'m','2014-06-27','McKenziechester','Vietnam','2011-12-31 00:28:40','2019-03-09 09:17:08'),(90,'m','2015-05-31','Eulaburgh','Western Sahara','2019-04-11 20:38:56','2021-02-24 02:13:42'),(91,'m','2001-05-30','Murazikport','Suriname','2011-12-23 06:44:33','2019-04-01 21:11:52'),(92,'m','1979-08-17','Delbertton','Uzbekistan','2013-03-15 13:57:48','2019-11-21 08:30:19'),(93,'m','2015-09-08','Carmellabury','United States of America','2020-05-09 17:58:53','2021-04-29 21:01:45'),(94,'m','1980-08-25','Janetmouth','Saint Barthelemy','2016-11-26 05:21:31','2017-01-10 13:43:45'),(95,'m','2000-12-04','Watsicaside','Peru','2017-04-14 01:11:09','2021-04-29 21:01:45'),(96,'f','2012-11-09','Jenkinsmouth','Thailand','2021-03-16 22:44:06','2021-04-29 21:01:45'),(97,'m','1990-12-17','Wandaport','Holy See (Vatican City State)','2013-05-18 07:02:59','2021-04-29 21:01:45'),(98,'f','1979-10-30','North Hunter','Lithuania','2018-03-18 00:27:49','2021-04-29 21:01:45'),(99,'f','2008-08-17','West Arlie','Qatar','2012-10-02 10:30:29','2021-04-29 21:01:45'),(100,'f','1982-07-20','South Evanbury','Bermuda','2011-11-08 10:12:30','2018-04-01 15:46:56');
/*!40000 ALTER TABLE `profiles` ENABLE KEYS */;
UNLOCK TABLES;

--
-- Table structure for table `users`
--

DROP TABLE IF EXISTS `users`;
/*!40101 SET @saved_cs_client     = @@character_set_client */;
/*!50503 SET character_set_client = utf8mb4 */;
CREATE TABLE `users` (
  `id` int unsigned NOT NULL AUTO_INCREMENT COMMENT '╨Ш╨┤╨╡╨╜╤В╨╕╤Д╨╕╨║╨░╤В╨╛╤А ╤Б╤В╤А╨╛╨║╨╕',
  `first_name` varchar(100) CHARACTER SET utf8mb4 COLLATE utf8mb4_unicode_ci NOT NULL COMMENT '╨Ш╨╝╤П ╨┐╨╛╨╗╤М╨╖╨╛╨▓╨░╤В╨╡╨╗╤П',
  `last_name` varchar(100) CHARACTER SET utf8mb4 COLLATE utf8mb4_unicode_ci NOT NULL COMMENT '╨д╨░╨╝╨╕╨╗╨╕╤П ╨┐╨╛╨╗╤М╨╖╨╛╨▓╨░╤В╨╡╨╗╤П',
  `email` varchar(100) CHARACTER SET utf8mb4 COLLATE utf8mb4_unicode_ci NOT NULL COMMENT '╨Я╨╛╤З╤В╨░',
  `phone` varchar(100) CHARACTER SET utf8mb4 COLLATE utf8mb4_unicode_ci NOT NULL COMMENT '╨в╨╡╨╗╨╡╤Д╨╛╨╜',
  `created_at` datetime DEFAULT CURRENT_TIMESTAMP COMMENT '╨Т╤А╨╡╨╝╤П ╤Б╨╛╨╖╨┤╨░╨╜╨╕╤П ╤Б╤В╤А╨╛╨║╨╕',
  `updated_at` datetime DEFAULT CURRENT_TIMESTAMP ON UPDATE CURRENT_TIMESTAMP COMMENT '╨Т╤А╨╡╨╝╤П ╨╛╨▒╨╜╨╛╨▓╨╗╨╡╨╜╨╕╤П ╤Б╤В╤А╨╛╨║╨╕',
  PRIMARY KEY (`id`),
  UNIQUE KEY `email` (`email`),
  UNIQUE KEY `phone` (`phone`)
) ENGINE=InnoDB AUTO_INCREMENT=101 DEFAULT CHARSET=utf8mb4 COLLATE=utf8mb4_unicode_ci COMMENT='╨Я╨╛╨╗╤М╨╖╨╛╨▓╨░╤В╨╡╨╗╨╕';
/*!40101 SET character_set_client = @saved_cs_client */;

--
-- Dumping data for table `users`
--

LOCK TABLES `users` WRITE;
/*!40000 ALTER TABLE `users` DISABLE KEYS */;
INSERT INTO `users` VALUES (1,'Emerson','Toy','charles03@example.org','(155)521-1301x15220','2015-11-03 10:12:31','2016-07-24 06:28:08'),(2,'Timmothy','Russel','jaydon.abernathy@example.org','794-392-2136','2016-09-06 15:26:14','2019-10-16 22:03:57'),(3,'Tamia','Hauck','gerlach.rebecca@example.net','(277)800-3546','2020-08-19 01:06:25','2021-04-29 21:01:23'),(4,'Dan','Batz','jesus.beatty@example.com','214-948-7625x801','2019-11-13 22:09:14','2021-04-29 21:01:23'),(5,'Geraldine','Reinger','qking@example.net','1-498-632-8699x86225','2012-10-19 15:02:34','2017-05-14 21:49:14'),(6,'Unique','Stark','gretchen16@example.net','788.919.2598','2014-02-10 06:10:00','2021-04-03 09:30:10'),(7,'Josiane','Hettinger','xbogisich@example.org','(699)087-1201x20689','2012-04-15 05:57:11','2016-11-30 23:34:05'),(8,'Kiarra','Swift','zakary57@example.org','836-798-6073x35879','2012-06-23 18:13:44','2019-01-19 12:42:25'),(9,'Cordia','Kassulke','kendall88@example.com','1-849-188-0859','2017-03-19 17:22:47','2017-03-27 06:45:26'),(10,'Alvis','Greenholt','keely.kutch@example.org','001-569-7790x628','2015-07-06 08:29:56','2021-04-29 21:01:23'),(11,'Nathaniel','Schuppe','xkub@example.org','291-566-6824','2014-12-09 03:54:42','2021-04-29 21:01:23'),(12,'Kiara','Hickle','spinka.juliana@example.org','346-529-2421x27092','2012-06-29 06:07:03','2016-05-18 17:19:02'),(13,'Terrence','Kris','hackett.eusebio@example.net','(885)142-8725','2015-09-28 16:59:58','2021-04-29 21:01:23'),(14,'Margot','Bogisich','halie.rodriguez@example.com','707-620-1804','2017-06-17 05:26:30','2021-04-29 21:01:23'),(15,'Moriah','Hirthe','gusikowski.ana@example.org','404-206-2964x2166','2018-07-27 14:10:02','2021-04-29 21:01:23'),(16,'Garett','Thiel','dschoen@example.com','(519)405-3916','2020-03-29 06:47:56','2021-04-29 21:01:23'),(17,'Jon','Wuckert','hrosenbaum@example.com','1-748-496-3768x55264','2014-01-09 01:52:30','2020-08-27 13:42:50'),(18,'Marta','Aufderhar','treutel.maurine@example.com','+03(9)3665528322','2013-10-17 20:47:39','2015-11-05 12:07:48'),(19,'Hailie','Feest','ufadel@example.net','485-184-8141x2373','2012-03-08 23:54:12','2019-04-11 10:24:59'),(20,'Lewis','Rosenbaum','jmckenzie@example.net','859-446-1724','2018-07-17 15:28:32','2021-04-29 21:01:23'),(21,'Paige','Mante','raymundo77@example.com','503-286-6101x7622','2014-08-28 16:15:40','2020-12-07 23:25:22'),(22,'Aida','Hintz','von.karlie@example.org','1-450-465-8491','2020-10-24 17:10:13','2021-04-29 21:01:23'),(23,'Josefa','Schmidt','stiedemann.elbert@example.com','+10(7)6598713391','2012-10-18 12:18:31','2016-09-09 00:25:59'),(24,'Sabina','Satterfield','bcrist@example.net','1-510-356-1403','2011-07-31 00:51:56','2017-03-07 20:02:39'),(25,'Estevan','Sporer','fannie.armstrong@example.net','(868)951-6564','2016-05-05 15:05:40','2016-09-30 02:24:22'),(26,'Clifton','Wunsch','lexi.hauck@example.net','05503894405','2014-10-09 23:19:30','2021-04-29 21:01:23'),(27,'Eryn','Stokes','maxime48@example.net','695-350-6405','2014-02-23 15:01:08','2014-08-19 03:46:27'),(28,'Verdie','Bednar','pink.mayer@example.org','634-671-1569x7729','2020-10-20 06:03:23','2021-04-29 21:01:23'),(29,'Addie','Grant','marcia.weissnat@example.org','082-776-9271x513','2019-01-26 11:32:15','2021-04-29 21:01:23'),(30,'Ericka','Braun','eino.mohr@example.org','(456)142-1694x5034','2011-08-08 21:29:46','2017-07-27 00:51:54'),(31,'Uriel','Leffler','jwolf@example.com','877.990.1130x97048','2014-08-03 01:10:20','2017-06-19 03:46:44'),(32,'Alexis','Spinka','lmohr@example.com','+88(7)8799777480','2016-10-25 14:15:33','2019-04-15 13:17:35'),(33,'Kraig','Kuhic','ikiehn@example.net','(106)147-1289x738','2014-01-28 06:26:47','2015-06-18 08:44:52'),(34,'Odie','Witting','umohr@example.com','(715)789-1418x16571','2020-10-04 06:25:53','2021-04-29 21:01:23'),(35,'Amya','Rice','gunner.pfeffer@example.net','00790747551','2018-12-03 21:32:28','2021-04-29 21:01:23'),(36,'Devon','Armstrong','gleason.marcel@example.com','1-606-009-8076','2016-09-02 11:40:55','2021-04-29 21:01:23'),(37,'Colleen','Koss','yolson@example.org','050.489.2265x04010','2016-12-22 07:59:59','2021-04-29 21:01:23'),(38,'Chris','Parker','liana.swaniawski@example.net','1-365-510-1031x077','2012-12-05 12:38:35','2019-05-27 09:09:26'),(39,'Delia','Quitzon','fabiola08@example.net','607.285.6901','2011-10-30 03:22:59','2021-01-22 15:45:35'),(40,'Kayli','Mills','watsica.taryn@example.net','1-563-892-1877x72005','2018-06-10 20:43:58','2021-04-29 21:01:23'),(41,'Marie','Kub','evan70@example.com','1-314-151-5061','2016-01-11 01:19:12','2021-04-29 21:01:23'),(42,'Precious','Weimann','blanda.jordon@example.net','+59(8)7104459250','2013-01-17 15:37:30','2019-06-19 12:48:31'),(43,'Johnathan','Bogan','kasey.bahringer@example.org','396.355.7754','2015-02-04 22:55:08','2021-01-12 10:55:47'),(44,'Jadon','Skiles','ybergstrom@example.org','1-669-507-5485','2015-01-20 11:31:40','2021-04-29 21:01:23'),(45,'Cassidy','Roberts','smitham.dave@example.com','(826)001-9633x071','2016-01-23 19:45:57','2021-04-29 21:01:23'),(46,'Oral','Paucek','vcasper@example.net','1-312-193-3887x252','2018-08-12 08:10:02','2021-04-29 21:01:23'),(47,'Junior','Osinski','xstreich@example.net','950.746.8163x52635','2019-05-27 08:37:32','2021-04-29 21:01:23'),(48,'Lea','Gutkowski','georgette12@example.com','448.565.4393','2015-07-24 12:01:31','2021-04-29 21:01:23'),(49,'Keaton','Block','myrtle24@example.org','1-195-421-5590','2017-08-04 15:12:18','2021-04-29 21:01:23'),(50,'Jadyn','Hessel','javonte86@example.com','243.532.4591x5948','2020-09-15 12:58:20','2021-04-29 21:01:23'),(51,'Pete','Donnelly','manuel.waelchi@example.org','1-844-992-2679x8330','2014-05-20 20:43:13','2018-07-19 13:58:51'),(52,'Sherman','Stoltenberg','erica.connelly@example.com','(528)646-9570x2091','2014-11-30 19:55:19','2017-04-01 06:18:29'),(53,'Cristopher','Bogisich','loyce.torp@example.com','119.179.5824x7186','2021-01-21 13:56:24','2021-04-29 21:01:23'),(54,'Maria','Boyle','esanford@example.org','953.367.4184x41011','2014-11-20 16:05:34','2015-05-10 20:44:08'),(55,'Astrid','Ferry','daniel.kim@example.com','076-355-6634','2015-10-05 01:57:17','2016-10-14 06:26:39'),(56,'Ezra','Miller','joelle.graham@example.net','(096)677-0518x801','2015-02-24 06:05:26','2016-08-11 21:32:58'),(57,'Ophelia','Streich','lavinia.kirlin@example.org','268.232.8663','2012-12-26 08:55:57','2021-03-02 06:12:07'),(58,'Jedediah','Johns','eduardo87@example.com','+95(2)1503288833','2012-11-30 07:04:30','2020-03-26 16:04:53'),(59,'Kayden','Gibson','ohaley@example.com','07333601101','2013-08-24 05:45:29','2020-02-03 05:48:09'),(60,'Angelina','Willms','parker.jewell@example.com','1-032-941-8411x9206','2016-07-19 23:03:38','2021-04-29 21:01:23'),(61,'Dayton','Kihn','junior.schinner@example.net','385-021-7211x42394','2019-10-25 14:42:02','2021-04-29 21:01:23'),(62,'Gilberto','O\'Reilly','gretchen.corwin@example.org','883.251.6661x087','2017-04-04 16:45:05','2021-04-29 21:01:23'),(63,'Jenifer','Douglas','desiree28@example.com','1-232-662-8156','2013-06-28 07:59:45','2021-04-29 21:01:23'),(64,'Grace','Lebsack','wilburn.miller@example.org','1-916-674-3570','2019-11-09 17:45:40','2021-04-29 21:01:23'),(65,'Roxanne','Douglas','krajcik.victor@example.net','1-974-702-9132','2018-11-09 13:43:13','2021-04-29 21:01:23'),(66,'Camden','Maggio','nhills@example.com','044-252-6560','2019-03-18 06:34:31','2020-05-25 22:17:27'),(67,'Loyal','Bashirian','bogan.nia@example.org','016-600-1639x5825','2013-03-14 21:02:58','2021-04-29 21:01:23'),(68,'Sheldon','Nikolaus','rosemary.koss@example.com','(411)554-5502','2012-11-10 02:48:26','2020-03-21 19:26:58'),(69,'Burnice','Hills','ifranecki@example.com','00896391164','2019-12-07 15:44:13','2021-04-29 21:01:23'),(70,'Leilani','Lynch','ypadberg@example.org','221.810.6631','2013-04-15 12:58:00','2020-07-26 05:17:37'),(71,'Lisandro','Franecki','umcclure@example.com','(010)872-3975','2018-07-01 17:29:22','2018-07-12 23:43:28'),(72,'Matilda','Robel','camille.connelly@example.com','1-176-332-4042x911','2021-02-07 20:20:44','2021-04-29 21:01:23'),(73,'Rebeka','Swaniawski','ckozey@example.com','(523)750-2777','2012-07-08 09:46:16','2017-02-14 10:33:49'),(74,'Patsy','Mayert','lo\'kon@example.org','(064)537-8424x04413','2018-02-21 03:28:32','2020-12-20 14:59:43'),(75,'Darius','Larkin','will.celine@example.net','908.004.2623x647','2019-10-26 16:40:42','2021-04-29 21:01:23'),(76,'Albina','Murphy','knitzsche@example.org','(191)639-4495','2013-09-13 06:00:18','2013-12-26 02:52:24'),(77,'Ara','Considine','jstoltenberg@example.net','326-800-2647x9973','2014-04-15 12:07:46','2016-12-02 14:02:12'),(78,'Cedrick','Cassin','kshlerin.golden@example.org','(892)076-6964x71114','2014-04-14 16:59:15','2018-07-22 19:29:35'),(79,'Floyd','Walter','dwisoky@example.org','1-284-621-0048x011','2016-09-16 04:33:47','2021-04-29 21:01:23'),(80,'Juliana','Ruecker','yprice@example.com','+11(4)6659303755','2017-08-23 03:41:15','2019-10-09 19:56:48'),(81,'Duncan','Zemlak','susie61@example.net','340.201.4651x71774','2012-09-02 20:40:12','2016-02-12 23:07:39'),(82,'Kaelyn','Witting','velma.mosciski@example.net','111.067.5675x54572','2014-07-09 17:47:21','2016-09-30 06:13:39'),(83,'Josefa','Kassulke','wtorp@example.com','+50(4)1414699850','2016-08-18 01:39:03','2021-04-29 21:01:23'),(84,'Terence','Farrell','tpowlowski@example.com','711.953.5934x190','2015-06-30 04:05:36','2016-05-15 21:11:44'),(85,'Ludwig','Jakubowski','hfadel@example.org','611-206-0671','2014-01-19 00:19:15','2021-04-29 21:01:23'),(86,'Lily','Quigley','bschimmel@example.com','(199)157-4556','2018-05-13 16:18:57','2021-04-29 21:01:23'),(87,'Cathrine','Langosh','erik.dooley@example.com','188.400.5286x551','2011-11-27 13:38:03','2015-12-27 05:46:20'),(88,'Jarrett','McDermott','pkiehn@example.com','572.452.8506','2012-03-24 14:28:49','2018-08-24 21:58:28'),(89,'Charlene','Ryan','alivia.glover@example.net','910-657-7082x835','2020-07-28 17:44:14','2021-04-29 21:01:23'),(90,'Rowan','Treutel','wboehm@example.org','694.192.0299x00236','2014-03-26 14:21:00','2021-04-11 10:30:09'),(91,'Deondre','Pollich','myrl48@example.com','1-668-938-1512x28643','2018-11-25 08:06:38','2019-03-23 15:59:38'),(92,'Brant','Cummings','micah.lynch@example.com','03802161555','2011-05-16 13:14:26','2021-02-15 00:37:58'),(93,'Herman','Shanahan','annetta.erdman@example.org','(151)749-3200','2020-01-10 13:35:24','2021-04-29 21:01:23'),(94,'Kolby','Huels','halvorson.ocie@example.net','(033)889-0700','2019-07-24 04:23:26','2021-04-29 21:01:23'),(95,'Sabryna','Lind','leonard38@example.org','306.002.1074x8050','2012-03-13 07:38:55','2015-03-16 19:40:17'),(96,'Nya','Harber','hwaters@example.net','1-651-326-5728x5871','2012-02-10 17:15:08','2020-04-16 04:33:12'),(97,'Lyda','Adams','eliseo.green@example.com','(496)434-7051','2016-06-17 22:33:04','2016-08-28 11:09:07'),(98,'Aubrey','Upton','rippin.kiarra@example.org','530-493-5372x130','2018-02-15 17:44:26','2021-04-29 21:01:23'),(99,'Marquis','Thompson','mante.carli@example.com','(162)942-4106','2018-03-16 07:50:14','2021-04-29 21:01:23'),(100,'David','Carter','angus13@example.com','(569)192-6926x3804','2016-06-03 13:00:59','2019-06-04 23:40:21');
/*!40000 ALTER TABLE `users` ENABLE KEYS */;
UNLOCK TABLES;
/*!40103 SET TIME_ZONE=@OLD_TIME_ZONE */;

/*!40101 SET SQL_MODE=@OLD_SQL_MODE */;
/*!40014 SET FOREIGN_KEY_CHECKS=@OLD_FOREIGN_KEY_CHECKS */;
/*!40014 SET UNIQUE_CHECKS=@OLD_UNIQUE_CHECKS */;
/*!40101 SET CHARACTER_SET_CLIENT=@OLD_CHARACTER_SET_CLIENT */;
/*!40101 SET CHARACTER_SET_RESULTS=@OLD_CHARACTER_SET_RESULTS */;
/*!40101 SET COLLATION_CONNECTION=@OLD_COLLATION_CONNECTION */;
/*!40111 SET SQL_NOTES=@OLD_SQL_NOTES */;

-- Dump completed on 2021-05-07 13:00:14
